,Approximate,Exact,$ ||.||_2 \ Error $
10,"[0.         0.27075486 0.53901509 0.80185964 1.05664878 1.30082246
 1.53192574 1.74763303 1.94577091 2.12433946 2.28735529]","[0.         0.27137536 0.54003923 0.80330721 1.0585488  1.30321373
 1.53485738 1.75116523 1.94997603 2.1293033  2.28735529]",0.008732197288082536
15,"[0.         0.18089675 0.36105492 0.53960525 0.71575285 0.88871344
 1.0577168  1.22201018 1.3808616  1.53356311 1.67943388 1.81782324
 1.94811353 2.06972289 2.1821079  2.28735529]","[0.         0.18108458 0.36136464 0.54003923 0.71631454 0.8894074
 1.0585488  1.22298729 1.38199229 1.53485738 1.6809034  1.81948151
 1.94997603 2.07180719 2.18443374 2.28735529]",0.004883567143164083
20,"[0.         0.13577892 0.27124627 0.40603472 0.53980694 0.67222818
 0.80296703 0.93169628 1.05809373 1.18184303 1.30263439 1.42016546
 1.53414199 1.64427865 1.75029971 1.85193975 1.94894435 2.04107073
 2.12808836 2.20977963 2.28735529]","[0.         0.13585747 0.27137536 0.40621496 0.54003923 0.67251369
 0.80330721 0.93209288 1.0585488  1.18235891 1.30321373 1.4208112
 1.53485738 1.64506721 1.75116523 1.85288625 1.94997603 2.04219187
 2.1293033  2.21109259 2.28735529]",0.0031606195962756356
25,"[0.         0.10867134 0.21718313 0.32534707 0.43298996 0.53993941
 0.64602413 0.75107422 0.85492143 0.95739941 1.05834399 1.15759346
 1.25498879 1.35037391 1.44359592 1.53450539 1.62295655 1.70880753
 1.79192059 1.87216235 1.94940398 2.02352142 2.0943956  2.16191261
 2.22596396 2.28735529]","[0.         0.10870228 0.21723066 0.32541152 0.43307179 0.54003923
 0.64614273 0.75121254 0.85508057 0.95758065 1.0585488  1.15782351
 1.25524594 1.35066025 1.44391379 1.53485738 1.62334552 1.70923665
 1.79239337 1.87268265 1.94997603 2.02414986 2.09508549 2.16266943
 2.22679355 2.28735529]",0.0019677674210271654
30,"[0.         0.09057267 0.18105301 0.27133203 0.36130934 0.4508849
 0.53995911 0.62843293 0.71620798 0.80318667 0.88927228 0.97436908
 1.05838245 1.14121898 1.22278655 1.30299446 1.38175352 1.45897615
 1.53457647 1.60847042 1.68057584 1.75081254 1.81910242 1.88536957
 1.94954032 2.01154336 2.07130983 2.12877342 2.1838705  2.23654023
 2.28735529]","[0.         0.09059262 0.18108458 0.27137536 0.36136464 0.45095244
 0.54003923 0.62852603 0.71631454 0.80330721 0.8894074  0.97451945
 1.0585488  1.1414021  1.22298729 1.30321373 1.38199229 1.45923544
 1.53485738 1.60877407 1.6809034  1.75116523 1.81948151 1.88577632
 1.94997603 2.01200929 2.07180719 2.1293033  2.18443374 2.23713725
 2.28735529]",0.0016392872919441567
35,"[0.         0.07764766 0.15523715 0.23269979 0.30997227 0.38699146
 0.46369443 0.5400185  0.6159013  0.69128083 0.76609549 0.84028415
 0.91378619 0.98654155 1.05849077 1.12957508 1.19973638 1.26891735
 1.33706146 1.40411303 1.47001728 1.53472037 1.59816943 1.66031264
 1.72109923 1.78047956 1.83840513 1.89482865 1.94970403 2.0029865
 2.05463257 2.10460009 2.15284833 2.19933793 2.24403101 2.28735529]","[0.         0.07765463 0.15524587 0.23271039 0.30998495 0.38700649
 0.46371212 0.54003923 0.61592553 0.69130906 0.7661283  0.84032217
 0.91383012 0.98659212 1.0585488  1.12964142 1.19981195 1.2690031
 1.3371584  1.40422222 1.47013981 1.53485738 1.59832208 1.66048211
 1.72128675 1.78068634 1.83863242 1.89507767 1.94997603 2.00328267
 2.0549541  2.10494812 2.15322394 2.19974214 2.24446476 2.28735529]",0.0010991522223418328
40,"[0.         0.06794224 0.13584554 0.20366389 0.27135489 0.33887621
 0.40618564 0.47324109 0.54000062 0.6064225  0.6724652  0.73808742
 0.80324812 0.86790657 0.93202233 0.99555532 1.05846581 1.12071446
 1.18226235 1.24307099 1.30310236 1.36231892 1.42068363 1.47816001
 1.53471209 1.59030453 1.64490254 1.69847197 1.75097933 1.80239177
 1.85267713 1.90180397 1.94974156 1.99645994 2.04192991 2.08612306
 2.12901181 2.17056936 2.2107698  2.24958801 2.28735529]","[0.         0.06794997 0.13585747 0.20368006 0.27137536 0.33890106
 0.40621496 0.47327499 0.54003923 0.60646597 0.67251369 0.7381411
 0.80330721 0.86797127 0.93209288 0.99563196 1.0585488  1.12080409
 1.18235891 1.24317479 1.30321373 1.3624382  1.4208112  1.47829623
 1.53485738 1.59045928 1.64506721 1.69864702 1.75116523 1.80258902
 1.85288625 1.90202549 1.94997603 1.99670789 2.04219187 2.08639955
 2.1293033  2.17087631 2.21109259 2.249927   2.28735529]",0.001027642619279854
45,"[0.         0.06039625 0.12076514 0.18107437 0.24129415 0.30139473
 0.36134642 0.42111959 0.48068473 0.54001241 0.59907331 0.65783826
 0.71627823 0.77436434 0.83206791 0.88936041 0.94621355 1.00259924
 1.05848961 1.11385707 1.16867425 1.22291408 1.27654976 1.3295548
 1.38190301 1.43356855 1.48452589 1.53474989 1.58421575 1.63289906
 1.6807758  1.72782236 1.77401557 1.81933267 1.86375136 1.9072498
 1.94980664 1.99140102 2.03201258 2.0716215  2.1102085  2.14775485
 2.18424241 2.21965363 2.25397159 2.28735529]","[0.         0.06040129 0.12077276 0.18108458 0.24130699 0.30141023
 0.36136464 0.42114061 0.48070861 0.54003923 0.59910318 0.65787129
 0.71631454 0.77440406 0.83211118 0.8894074  0.94626442 1.00265417
 1.0585488  1.11392072 1.16874257 1.22298729 1.27662809 1.32963848
 1.38199229 1.43366366 1.48462708 1.53485738 1.58432975 1.63301977
 1.6809034  1.72795698 1.77415729 1.81948151 1.86390725 1.90741259
 1.94997603 1.99157656 2.03219363 2.07180719 2.11039769 2.14794605
 2.18443374 2.21984274 2.25415557 2.28735529]",0.0007396640689865494
50,"[0.         0.05436195 0.10870394 0.1630024  0.21723559 0.27138178
 0.32541929 0.37932648 0.43308177 0.48666361 0.54005057 0.59322125
 0.64615435 0.69882869 0.75122315 0.80331675 0.85508862 0.90651804
 0.95758438 1.00826719 1.05854618 1.10840118 1.15781223 1.20675953
 1.25522347 1.30318461 1.35062374 1.39752185 1.44386013 1.48962002
 1.53478316 1.57933146 1.62324705 1.66651232 1.70910991 1.75102276
 1.79223404 1.83272722 1.87248607 1.91149461 1.9497372  1.98719849
 2.02386343 2.05971729 2.09474569 2.12893453 2.16227007 2.19473891
 2.22632797 2.25702455 2.28735529]","[0.         0.05436201 0.10870228 0.16299907 0.21723066 0.27137536
 0.32541152 0.37931751 0.43307179 0.48665284 0.54003923 0.59320962
 0.64614273 0.69881739 0.75121254 0.80330721 0.85508057 0.9065119
 0.95758065 1.00826637 1.0585488  1.10840783 1.15782351 1.20677607
 1.25524594 1.30321373 1.35066025 1.39756652 1.44391379 1.48968351
 1.53485738 1.57941732 1.62334552 1.6666244  1.70923665 1.75116523
 1.79239337 1.83290458 1.87268265 1.91171167 1.94997603 1.98746042
 2.02414986 2.06002967 2.09508549 2.1293033  2.16266943 2.19517051
 2.22679355 2.25752591 2.28735529]",0.0012641384861133012
55,"[0.         0.04941847 0.09882195 0.14819276 0.19751457 0.24677105
 0.29594594 0.34502296 0.39398589 0.44281854 0.49150476 0.54002844
 0.58837355 0.6365241  0.68446417 0.73217789 0.77964951 0.82686331
 0.87380369 0.92045512 0.96680219 1.01282956 1.05852202 1.10386445
 1.14884188 1.19343942 1.23764233 1.281436   1.32480594 1.36773782
 1.41021744 1.45223076 1.49376387 1.53480304 1.5753347  1.61534542
 1.65482197 1.69375126 1.7321204  1.76991664 1.80712745 1.84374044
 1.87974341 1.91512434 1.94987137 1.98397283 2.01741721 2.05019315
 2.08228945 2.11369504 2.14439901 2.17439052 2.20365887 2.23219338
 2.25998345 2.28735529]","[0.         0.04942058 0.09882483 0.14819641 0.19751899 0.24677629
 0.29595201 0.34502989 0.39399372 0.44282731 0.49151451 0.54003923
 0.58838543 0.63653713 0.68447841 0.73219342 0.77966639 0.82688163
 0.87382353 0.92047656 0.96682532 1.01285447 1.0585488  1.10389321
 1.14887271 1.19347242 1.23767761 1.28147366 1.3248461  1.36778058
 1.41026291 1.45227905 1.49381512 1.53485738 1.57539225 1.61540636
 1.65488645 1.6938195  1.73219262 1.76999313 1.80720853 1.84382652
 1.87983501 1.91522207 1.94997603 1.98408538 2.01753885 2.05032539
 2.08243415 2.11385452 2.14457612 2.17458878 2.20388259 2.23244787
 2.26027517 2.28735529]",0.0006747269346217158
60,"[0.         0.04530092 0.09059031 0.13585452 0.18108099 0.22625715
 0.27137045 0.31640835 0.36135835 0.40620795 0.45094469 0.49555614
 0.54002991 0.58435364 0.62851501 0.67250176 0.71630166 0.75990254
 0.80329228 0.84645884 0.8893902  0.93207445 0.97449972 1.01665422
 1.05852622 1.10010411 1.14137631 1.18233136 1.22295786 1.26324454
 1.30318018 1.34275369 1.38195406 1.42077039 1.45919189 1.49720788
 1.53480778 1.57198115 1.60871764 1.64500704 1.68083926 1.71620435
 1.75109247 1.78549393 1.81939917 1.85279879 1.88568351 1.91804421
 1.94987194 1.98115787 2.01189336 2.04206994 2.07167929 2.10071327
 2.12916394 2.15702353 2.18428446 2.21093938 2.23698111 2.26240272
 2.28735529]","[0.         0.0453026  0.09059262 0.13585747 0.18108458 0.2262614
 0.27137536 0.31641395 0.36136464 0.40621496 0.45095244 0.49556466
 0.54003923 0.58436379 0.62852603 0.67251369 0.71631454 0.75991641
 0.80330721 0.84647487 0.8894074  0.93209288 0.97451945 1.01667533
 1.0585488  1.10012824 1.1414021  1.18235891 1.22298729 1.26327596
 1.30321373 1.3427895  1.38199229 1.4208112  1.45923544 1.49725436
 1.53485738 1.57203405 1.60877407 1.64506721 1.6809034  1.71627268
 1.75116523 1.78557136 1.81948151 1.85288625 1.88577632 1.91814258
 1.94997603 1.98126783 2.01200929 2.04219187 2.07180719 2.10084703
 2.1293033  2.15716812 2.18443374 2.21109259 2.23713725 2.26256051
 2.28735529]",0.0005502278966902873
65,"[0.         0.04181704 0.08362501 0.12541319 0.16717167 0.20889058
 0.25056004 0.29217019 0.33371117 0.37517316 0.41654632 0.45782089
 0.49898707 0.54003512 0.58095534 0.62173802 0.66237351 0.7028522
 0.7431645  0.78330087 0.8232518  0.86300783 0.90255955 0.94189759
 0.98101265 1.01989545 1.05853679 1.09692751 1.13505853 1.17292081
 1.21050539 1.24780336 1.28480588 1.3215042  1.35788961 1.3939535
 1.42968732 1.4650826  1.50013096 1.53482408 1.56915376 1.60311185
 1.63669031 1.66988118 1.70267659 1.73506878 1.76705008 1.79861291
 1.8297498  1.86045339 1.89071641 1.92053171 1.94989227 1.97879114
 2.00722153 2.03517676 2.06265027 2.08963564 2.11612656 2.1421169
 2.16760063 2.19257191 2.21702502 2.24095444 2.26435479 2.28735529]","[0.         0.04181807 0.08362624 0.12541462 0.16717332 0.20889245
 0.25056214 0.29217253 0.33371376 0.37517601 0.41654946 0.45782433
 0.49899083 0.54003923 0.58095982 0.6217429  0.66237883 0.70285798
 0.74317078 0.78330769 0.8232592  0.86301586 0.90256826 0.94190704
 0.98102288 1.01990654 1.0585488  1.09694053 1.13507263 1.17293607
 1.21052191 1.24782124 1.28482523 1.32152512 1.35791224 1.39397796
 1.42971375 1.46511116 1.5001618  1.53485738 1.56918968 1.60315059
 1.63673206 1.66992615 1.702725   1.73512084 1.76710601 1.79867294
 1.82981415 1.86052229 1.89079007 1.92061033 1.94997603 1.9788802
 2.007316   2.03527671 2.0627557  2.08974648 2.11624266 2.14223796
 2.16772623 2.19270144 2.21715767 2.24108915 2.2644902  2.28735529]",0.0004674282869228259
70,"[0.         0.03883071 0.07765415 0.11646174 0.15524556 0.19399769
 0.23271022 0.27137525 0.30998489 0.34853126 0.38700649 0.42540273
 0.46371213 0.50192688 0.54003918 0.57804125 0.61592533 0.65368369
 0.69130862 0.72879244 0.76612749 0.80330616 0.84032086 0.87716403
 0.91382814 0.95030571 0.9865893  1.02267149 1.05854492 1.09420226
 1.12963623 1.1648396  1.19980517 1.2345258  1.26899441 1.30320394
 1.33714742 1.37081791 1.40420852 1.43731244 1.47012291 1.50263321
 1.53483671 1.56672683 1.59829704 1.6295409  1.66045202 1.69102408
 1.72125085 1.75112614 1.78064385 1.80979796 1.83858251 1.86699163
 1.89501953 1.9226605  1.9499089  1.97675921 2.00320596 2.0292438
 2.05486746 2.08007177 2.10485166 2.12920216 2.15311841 2.17659567
 2.1996293  2.2222148  2.24434779 2.26602403 2.28735529]","[0.         0.03883128 0.07765463 0.11646213 0.15524587 0.19399793
 0.23271039 0.27137536 0.30998495 0.34853128 0.38700649 0.42540271
 0.46371212 0.50192689 0.54003923 0.57804136 0.61592553 0.653684
 0.69130906 0.72879305 0.7661283  0.80330721 0.84032217 0.87716565
 0.91383012 0.95030809 0.98659212 1.02267482 1.0585488  1.09420676
 1.12964142 1.16484554 1.19981195 1.23453349 1.2690031  1.30321373
 1.3371584  1.37083019 1.40422222 1.43732768 1.47013981 1.50265192
 1.53485738 1.5667496  1.59832208 1.62956837 1.66048211 1.69105698
 1.72128675 1.75116523 1.78068634 1.80984406 1.83863242 1.86704556
 1.89507767 1.92272304 1.94997603 1.97683106 2.00328267 2.02932546
 2.0549541  2.08016337 2.10494812 2.1293033  2.15322394 2.17670515
 2.19974214 2.22233022 2.24446476 2.26614126 2.28735529]",0.0003996815452347756
75,"[0.         0.03624285 0.0724798  0.10870386 0.14490859 0.18108756
 0.21723433 0.25334247 0.28940557 0.32541721 0.36137099 0.39726052
 0.4330794  0.46882129 0.50447981 0.54004863 0.57552142 0.61089188
 0.6461537  0.68130063 0.71632641 0.75122481 0.78598962 0.82061466
 0.85509376 0.8894208  0.92358967 0.95759428 0.99142859 1.02508658
 1.05856225 1.09184966 1.12494286 1.15783598 1.19052316 1.22299858
 1.25525645 1.28729105 1.31909665 1.35066761 1.38199829 1.41308313
 1.44391658 1.47449315 1.50480741 1.53485396 1.56462744 1.59412255
 1.62333406 1.65225676 1.68088551 1.70921521 1.73724083 1.7649574
 1.79235999 1.81944374 1.84620384 1.87263557 1.89873423 1.92449523
 1.949914   1.97498607 1.99970703 2.02407254 2.04807832 2.07172018
 2.094994   2.11789573 2.14042139 2.1625671  2.18432904 2.20570347
 2.22668675 2.2472753  2.26746563 2.28735529]","[0.         0.03624268 0.07247892 0.10870228 0.14490631 0.18108458
 0.21723066 0.25333812 0.28940054 0.32541152 0.36136464 0.39725352
 0.43307179 0.46881306 0.50447099 0.54003923 0.57551147 0.6108814
 0.64614273 0.68128919 0.71631454 0.75121254 0.78597699 0.82060172
 0.85508057 0.8894074  0.92357612 0.95758065 0.99141494 1.02507299
 1.0585488  1.09183643 1.12492996 1.15782351 1.19051122 1.22298729
 1.25524594 1.28728144 1.3190881  1.35066025 1.38199229 1.41307864
 1.44391379 1.47449224 1.50480857 1.53485738 1.56463332 1.59413112
 1.62334552 1.65227132 1.6809034  1.70923665 1.73726604 1.76498659
 1.79239337 1.81948151 1.84624618 1.87268265 1.89878619 1.92455218
 1.94997603 1.97505322 1.9997793  2.02414986 2.04816058 2.07180719
 2.09508549 2.11799133 2.14052064 2.16266943 2.18443374 2.20580972
 2.22679355 2.24738152 2.26756996 2.28735529]",0.0003831231195568836
80,"[0.         0.03397804 0.06795122 0.10191377 0.1358604  0.16978581
 0.20368468 0.23755172 0.27138164 0.30516916 0.33890898 0.37259585
 0.4062245  0.43978967 0.47328611 0.50670859 0.5400519  0.5733108
 0.60648012 0.63955466 0.67252925 0.70539875 0.738158   0.7708019
 0.80332533 0.83572322 0.8679905  0.90012212 0.93211306 0.96395831
 0.9956529  1.02719187 1.05857029 1.08978325 1.12082586 1.15169327
 1.18238065 1.2128832  1.24319614 1.27331473 1.30323426 1.33295004
 1.36245742 1.39175178 1.42082853 1.44968313 1.47831104 1.50670779
 1.53486893 1.56279005 1.59046677 1.61789476 1.64506972 1.67198739
 1.69864357 1.72503408 1.75115478 1.77700159 1.80257047 1.82785742
 1.85285849 1.87756979 1.90198747 1.92610771 1.94992679 1.97344101
 1.99664674 2.01954041 2.04211851 2.06437759 2.08631428 2.10792527
 2.12920736 2.15015738 2.17077231 2.19104917 2.21098512 2.23057743
 2.2498235  2.26872085 2.28735529]","[0.         0.03397764 0.06794997 0.10191168 0.13585747 0.16978203
 0.20368006 0.23754627 0.27137536 0.30516205 0.33890106 0.37258712
 0.40621496 0.43977933 0.47327499 0.50669669 0.54003923 0.57329739
 0.60646597 0.63953979 0.67251369 0.7053825  0.7381411  0.77078437
 0.80330721 0.83570453 0.86797127 0.90010239 0.93209288 0.96393773
 0.99563196 1.02717063 1.0585488  1.08976158 1.12080409 1.15167147
 1.18235891 1.2128616  1.24317479 1.27329373 1.30321373 1.3329301
 1.3624382  1.39173343 1.4208112  1.44966697 1.47829623 1.50669451
 1.53485738 1.56278042 1.59045928 1.61788964 1.64506721 1.67198774
 1.69864702 1.72504089 1.75116523 1.77701596 1.80258902 1.82788044
 1.85288625 1.87760256 1.90202549 1.92615124 1.94997603 1.97349613
 1.99670789 2.01960766 2.04219187 2.064457   2.08639955 2.10801612
 2.1293033  2.15025779 2.17087631 2.19115563 2.21109259 2.23068406
 2.249927   2.26881839 2.28735529]",0.0003798138548123954
85,"[0.         0.03197959 0.06395512 0.0959218  0.1278752  0.1598109
 0.19172448 0.22361153 0.25546762 0.28728835 0.31906932 0.35080613
 0.38249437 0.41412968 0.44570766 0.47722395 0.50867418 0.54005401
 0.57135908 0.60258506 0.63372763 0.66478248 0.69574531 0.72661183
 0.75737777 0.78803887 0.81859088 0.84902958 0.87935074 0.90955017
 0.93962369 0.96956713 0.99937634 1.0290472  1.05857559 1.08795743
 1.11718864 1.14626517 1.175183   1.20393811 1.23252653 1.26094428
 1.28918743 1.31725207 1.34513429 1.37283025 1.40033608 1.42764798
 1.45476216 1.48167486 1.50838234 1.53488089 1.56116685 1.58723654
 1.61308637 1.63871273 1.66411206 1.68928085 1.71421559 1.73891281
 1.76336909 1.78758102 1.81154525 1.83525844 1.85871729 1.88191855
 1.90485899 1.92753542 1.94994471 1.97208372 1.99394941 2.01553873
 2.03684869 2.05787634 2.07861878 2.09907315 2.11923662 2.13910643
 2.15867985 2.1779542  2.19692685 2.21559524 2.23395682 2.25200915
 2.2697498  2.28735529]","[0.         0.03197905 0.06395367 0.09591944 0.12787194 0.15980673
 0.19171941 0.22360555 0.25546075 0.28728059 0.31906066 0.35079658
 0.38248394 0.41411836 0.44569547 0.47721089 0.50866026 0.54003923
 0.57134346 0.6025686  0.63371035 0.66476439 0.69572642 0.72659215
 0.75735732 0.78801767 0.81856895 0.84900694 0.87932741 0.90952618
 0.93959907 0.96954191 0.99935056 1.02902089 1.0585488  1.0879302
 1.11716102 1.14623722 1.17515478 1.20390968 1.23249795 1.26091564
 1.28915881 1.31722355 1.34510598 1.37280224 1.40030849 1.42762093
 1.45473578 1.48164928 1.50835771 1.53485738 1.56114461 1.58721576
 1.61306724 1.63869546 1.66409687 1.68926795 1.71420524 1.73890526
 1.76336461 1.7875799  1.81154777 1.83526492 1.85872805 1.88193392
 1.90487931 1.92756106 1.94997603 1.9721211  1.99399322 2.01558935
 2.03690652 2.05794176 2.07869217 2.09915488 2.11932705 2.13920588
 2.15878864 2.17807261 2.19705512 2.21573354 2.23410529 2.25216782
 2.26991864 2.28735529]",0.000455737030702067
90,"[0.         0.03020307 0.06040272 0.09059491 0.12077592 0.15094201
 0.18108947 0.21121457 0.24131358 0.27138281 0.30141852 0.33141702
 0.3613746  0.39128756 0.4211522  0.45096484 0.4807218  0.5104194
 0.54005397 0.56962186 0.59911942 0.62854299 0.65788895 0.68715367
 0.71633354 0.74542496 0.77442432 0.80332806 0.83213259 0.86083435
 0.88942982 0.91791544 0.9462877  0.97454311 1.00267815 1.03068936
 1.05857328 1.08632646 1.11394548 1.14142691 1.16876736 1.19596345
 1.22301183 1.24990914 1.27665207 1.3032373  1.32966156 1.35592157
 1.38201409 1.4079359  1.43368378 1.45925457 1.4846451  1.50985223
 1.53487285 1.55970388 1.58434223 1.60878488 1.63302881 1.65707103
 1.68090857 1.7045385  1.72795791 1.75116392 1.77415368 1.79692436
 1.81947318 1.84179738 1.86389422 1.88576101 1.90739509 1.92879384
 1.94995466 1.970875   1.99155234 2.01198421 2.03216816 2.05210182
 2.07178282 2.09120886 2.11037768 2.12928708 2.1479349  2.16631903
 2.18443742 2.20228809 2.21986911 2.2371786  2.25421477 2.2709759
 2.28735529]","[0.         0.03020251 0.06040129 0.09059262 0.12077276 0.15093799
 0.18108458 0.21120882 0.24130699 0.27137536 0.30141023 0.3314079
 0.36136464 0.39127678 0.42114061 0.45095244 0.48070861 0.51040543
 0.54003923 0.56960637 0.59910318 0.62852603 0.65787129 0.68713533
 0.71631454 0.74540531 0.77440406 0.80330721 0.83211118 0.86081243
 0.8894074  0.91789257 0.94626442 0.97451945 1.00265417 1.03066511
 1.0585488  1.08630182 1.11392072 1.1414021  1.16874257 1.19593875
 1.22298729 1.24988484 1.27662809 1.30321373 1.32963848 1.35589908
 1.38199229 1.40791488 1.43366366 1.45923544 1.48462708 1.50983542
 1.53485738 1.55968984 1.58432975 1.60877407 1.63301977 1.65706387
 1.6809034  1.70453541 1.72795698 1.75116523 1.77415729 1.79693032
 1.81948151 1.84180807 1.86390725 1.88577632 1.90741259 1.92881337
 1.94997603 1.97089795 1.99157656 2.01200929 2.03219363 2.05212709
 2.07180719 2.09123153 2.11039769 2.1293033  2.14794605 2.16632362
 2.18443374 2.20227418 2.21984274 2.23713725 2.25415557 2.27089561
 2.28735529]",0.00019539766928319949
95,"[0.         0.02861372 0.05722453 0.085829   0.11442397 0.14300625
 0.17157269 0.20012011 0.22864537 0.25714528 0.28561671 0.31405648
 0.34246146 0.37082849 0.39915443 0.42743614 0.45567049 0.48385435
 0.51198459 0.5400581  0.56807177 0.59602248 0.62390716 0.65172269
 0.67946601 0.70713403 0.7347237  0.76223194 0.78965572 0.81699198
 0.84423772 0.87138989 0.89844549 0.92540153 0.952255   0.97900295
 1.00564239 1.03217038 1.05858397 1.08488023 1.11105625 1.13710912
 1.16303595 1.18883387 1.21450001 1.24003153 1.26542559 1.29067937
 1.31579006 1.34075489 1.36557108 1.39023587 1.41474652 1.43910031
 1.46329453 1.4873265  1.51119355 1.53489302 1.55842227 1.58177869
 1.60495968 1.62796267 1.6507851  1.67342441 1.69587811 1.71814368
 1.74021864 1.76210055 1.78378696 1.80527546 1.82656365 1.84764917
 1.86852967 1.88920281 1.9096663  1.92991787 1.94995524 1.96977621
 1.98937855 2.0087601  2.02791869 2.0468522  2.06555853 2.0840356
 2.10228137 2.12029382 2.13807097 2.15561085 2.17291155 2.18997115
 2.2067878  2.22335967 2.23968496 2.25576191 2.2715888  2.28735529]","[0.         0.02861296 0.05722276 0.08582621 0.11442016 0.14300142
 0.17156684 0.20011325 0.22863749 0.2571364  0.28560681 0.31404558
 0.34244955 0.37081557 0.39914051 0.42742123 0.45565458 0.48383745
 0.5119667  0.54003923 0.56805192 0.59600167 0.62388538 0.65169997
 0.67944234 0.70710943 0.73469817 0.76220551 0.78962839 0.81696378
 0.84420864 0.87135997 0.89841474 0.92536998 0.95222267 0.97896986
 1.00560858 1.03213587 1.0585488  1.08484444 1.11101988 1.13707222
 1.16299856 1.18879604 1.2144618  1.23999299 1.26538679 1.29064039
 1.31575097 1.34071577 1.36553202 1.39019695 1.41470786 1.43906201
 1.46325671 1.48728927 1.51115704 1.53485738 1.55838764 1.58174523
 1.60492757 1.62793207 1.65075619 1.67339741 1.69585321 1.7181211
 1.74019863 1.76208333 1.78377279 1.80526461 1.8265564  1.8476458
 1.86853048 1.88920812 1.90967643 1.92993315 1.94997603 1.96980284
 1.98941139 2.00879952 2.02796506 2.0469059  2.06561994 2.0841051
 2.10235934 2.12038064 2.13816699 2.15571642 2.173027   2.1900968
 2.20692394 2.22350654 2.23984277 2.25593082 2.27176891 2.28735529]",0.0005097569278015084
100,"[0.         0.0271829  0.0543633  0.08153827 0.10870508 0.13586102
 0.16300338 0.19012943 0.21723646 0.24432177 0.27138265 0.29841638
 0.32542027 0.35239161 0.37932771 0.40622587 0.43308341 0.45989763
 0.48666586 0.51338541 0.54005362 0.56666782 0.59322534 0.61972354
 0.64615975 0.67253134 0.69883567 0.72507011 0.75123203 0.77731882
 0.80332787 0.82925657 0.85510233 0.88086258 0.90653472 0.9321162
 0.95760445 0.98299693 1.00829109 1.0334844  1.05857435 1.08355843
 1.10843412 1.13319895 1.15785044 1.18238612 1.20680353 1.23110024
 1.25527381 1.27932181 1.30324185 1.32703153 1.35068846 1.37421028
 1.39759464 1.42083918 1.44394159 1.46689955 1.48971076 1.51237292
 1.53488378 1.55724108 1.57944257 1.60148602 1.62336924 1.64509001
 1.66664617 1.68803555 1.709256   1.73030539 1.75118161 1.77188256
 1.79240617 1.81275037 1.83291311 1.85289238 1.87268616 1.89229248
 1.91170935 1.93093483 1.949967   1.96880395 1.9874438  2.00588468
 2.02412476 2.04216224 2.05999533 2.07762228 2.09504138 2.11225095
 2.12924934 2.14603495 2.16260625 2.17896175 2.19510001 2.21101969
 2.22671953 2.24219837 2.25745518 2.27248906 2.28735529]","[0.         0.02718237 0.05436201 0.08153622 0.10870228 0.13585747
 0.16299907 0.19012437 0.21723066 0.24431523 0.27137536 0.29840836
 0.32541152 0.35238213 0.37931751 0.40621496 0.43307179 0.45988531
 0.48665284 0.5133717  0.54003923 0.56665276 0.59320962 0.61970716
 0.64614273 0.67251369 0.69881739 0.72505122 0.75121254 0.77729874
 0.80330721 0.82923535 0.85508057 0.88084028 0.9065119  0.93209288
 0.95758065 0.98297266 1.00826637 1.03345926 1.0585488  1.08353249
 1.10840783 1.13317233 1.15782351 1.18235891 1.20677607 1.23107256
 1.25524594 1.2792938  1.30321373 1.32700334 1.35066025 1.3741821
 1.39756652 1.4208112  1.44391379 1.46687199 1.48968351 1.51234606
 1.53485738 1.55721521 1.57941732 1.60146149 1.62334552 1.64506721
 1.6666244  1.68801492 1.70923665 1.73028746 1.75116523 1.77186789
 1.79239337 1.81273961 1.83290458 1.85288625 1.87268265 1.89229177
 1.91171167 1.93094039 1.94997603 1.96881666 1.98746042 2.00590544
 2.02414986 2.04219187 2.06002967 2.07766146 2.09508549 2.11230001
 2.1293033  2.14609367 2.16266943 2.17902892 2.19517051 2.21109259
 2.22679355 2.24227185 2.25752591 2.27255423 2.28735529]",0.00029268118821746254
105,"[0.         0.02588857 0.05177498 0.07765669 0.10353136 0.12939664
 0.15525019 0.18108965 0.20691268 0.23271694 0.25850009 0.2842598
 0.30999371 0.33569951 0.36137486 0.38701742 0.41262488 0.4381949
 0.46372518 0.48921339 0.51465723 0.54005437 0.56540253 0.5906994
 0.61594269 0.6411301  0.66625935 0.69132816 0.71633427 0.74127538
 0.76614926 0.79095363 0.81568626 0.84034489 0.86492728 0.88943121
 0.91385446 0.93819481 0.96245004 0.98661797 1.01069639 1.03468312
 1.05857598 1.08237281 1.10607145 1.12966974 1.15316554 1.17655672
 1.19984116 1.22301675 1.24608137 1.26903294 1.29186936 1.31458858
 1.33718852 1.35966713 1.38202236 1.4042522  1.42635461 1.44832759
 1.47016915 1.49187729 1.51345005 1.53488546 1.55618158 1.57733646
 1.59834819 1.61921484 1.63993454 1.66050538 1.68092549 1.70119303
 1.72130614 1.74126299 1.76106177 1.78070067 1.80017792 1.81949172
 1.83864034 1.85762202 1.87643505 1.89507771 1.91354831 1.93184517
 1.94996664 1.96791108 1.98567686 2.0032624  2.0206661  2.03788641
 2.05492179 2.07177072 2.08843173 2.10490335 2.12118414 2.1372727
 2.15316766 2.16886769 2.18437148 2.19967778 2.21478538 2.22969311
 2.24439987 2.25890461 2.27320634 2.28735529]","[0.         0.02588801 0.05177367 0.07765463 0.10352855 0.12939308
 0.15524587 0.18108458 0.20690687 0.23271039 0.2584928  0.28425177
 0.30998495 0.33569002 0.36136464 0.38700649 0.41261323 0.43818254
 0.46371212 0.48919963 0.51464277 0.54003923 0.56538671 0.59068291
 0.61592553 0.64111228 0.66624089 0.69130906 0.71631454 0.74125504
 0.7661283  0.79093208 0.81566412 0.84032217 0.86490401 0.8894074
 0.91383012 0.93816995 0.96242468 0.98659212 1.01067008 1.03465636
 1.0585488  1.08234523 1.10604349 1.12964142 1.1531369  1.17652778
 1.19981195 1.22298729 1.2460517  1.2690031  1.29183939 1.31455851
 1.3371584  1.35963701 1.38199229 1.40422222 1.42632479 1.44829798
 1.47013981 1.4918483  1.51342147 1.53485738 1.55615406 1.5773096
 1.59832208 1.61918958 1.63991022 1.66048211 1.6809034  1.70117222
 1.72128675 1.74124515 1.76104561 1.78068634 1.80016557 1.81948151
 1.83863242 1.85761656 1.87643221 1.89507767 1.91355124 1.93185124
 1.94997603 1.96792394 1.98569336 2.00328267 2.02069028 2.03791461
 2.0549541  2.07180719 2.08847237 2.10494812 2.12123295 2.13732538
 2.15322394 2.1689272  2.18443374 2.19974214 2.21485103 2.22975902
 2.24446476 2.25896693 2.2732642  2.28735529]",0.0002912116780905801
110,"[0.         0.0247119  0.04942193 0.07412788 0.09882769 0.12351934
 0.14820078 0.17286997 0.19752488 0.22216345 0.24678367 0.27138349
 0.29596088 0.3205138  0.34504024 0.36953815 0.39400553 0.41844034
 0.44284056 0.46720418 0.49152919 0.51581357 0.54005532 0.56425243
 0.5884029  0.61250474 0.63655595 0.66055456 0.68449856 0.70838599
 0.73221487 0.75598322 0.77968909 0.80333052 0.82690555 0.85041222
 0.87384861 0.89721277 0.92050277 0.94371668 0.96685258 0.98990857
 1.01288273 1.03577317 1.05857799 1.08129531 1.10392324 1.12645993
 1.14890349 1.17125208 1.19350385 1.21565696 1.23770957 1.25965986
 1.28150601 1.30324622 1.32487869 1.34640162 1.36781324 1.38911176
 1.41029544 1.43136251 1.45231124 1.47313987 1.4938467  1.51443001
 1.53488808 1.55521922 1.57542176 1.59549401 1.61543431 1.63524102
 1.65491247 1.67444706 1.69384315 1.71309913 1.73221342 1.75118442
 1.77001057 1.7886903  1.80722207 1.82560433 1.84383557 1.86191427
 1.87983895 1.89760811 1.9152203  1.93267405 1.94996792 1.96710051
 1.98407039 2.00087617 2.01751649 2.03398998 2.05029532 2.06643117
 2.08239624 2.09818925 2.11380896 2.12925413 2.14452354 2.15961604
 2.17453046 2.18926569 2.20382064 2.21819427 2.23238555 2.24639354
 2.26021729 2.27385594 2.28735529]","[0.         0.02471131 0.04942058 0.07412577 0.09882483 0.12351572
 0.14819641 0.17286484 0.19751899 0.22215682 0.24677629 0.27137536
 0.29595201 0.32050419 0.34502989 0.36952708 0.39399372 0.41842781
 0.44282731 0.46719021 0.49151451 0.51579818 0.54003923 0.56423565
 0.58838543 0.61248659 0.63653713 0.66053507 0.68447841 0.70836519
 0.73219342 0.75596115 0.77966639 0.80330721 0.82688163 0.85038772
 0.87382353 0.89718712 0.92047656 0.94368994 0.96682532 0.9898808
 1.01285447 1.03574444 1.0585488  1.08126569 1.10389321 1.12642951
 1.14887271 1.17122096 1.19347242 1.21562525 1.23767761 1.25962769
 1.28147366 1.30321373 1.3248461  1.34636897 1.36778058 1.38907914
 1.41026291 1.43133013 1.45227905 1.47310796 1.49381512 1.51439883
 1.53485738 1.55518908 1.57539225 1.59546523 1.61540636 1.63521398
 1.65488645 1.67442217 1.6938195  1.71307685 1.73219262 1.75116523
 1.76999313 1.78867474 1.80720853 1.82559296 1.84382652 1.8619077
 1.87983501 1.89760695 1.91522207 1.93267891 1.94997603 1.96711199
 1.98408538 2.00089479 2.01753885 2.03401617 2.05032539 2.06646516
 2.08243415 2.09823104 2.11385452 2.1293033  2.14457612 2.15967169
 2.17458878 2.18932615 2.20388259 2.21825689 2.23244787 2.24645435
 2.26027517 2.27390919 2.28735529]",0.0003015622529940382
115,"[0.         0.02363756 0.04727347 0.07090582 0.0945328  0.11815263
 0.14176352 0.1653637  0.18895137 0.21252476 0.23608207 0.25962153
 0.28314136 0.30663978 0.330115   0.35356527 0.3769888  0.40038382
 0.42374856 0.44708126 0.47038015 0.49364347 0.51686946 0.54005637
 0.56320243 0.58630591 0.60936505 0.63237811 0.65534334 0.67825902
 0.70112341 0.72393478 0.7466914  0.76939155 0.79203352 0.8146156
 0.83713607 0.85959323 0.88198539 0.90431085 0.92656792 0.94875491
 0.97087016 0.99291198 1.01487871 1.03676869 1.05858026 1.08031177
 1.10196157 1.12352803 1.14500952 1.16640441 1.18771107 1.20892791
 1.23005331 1.25108567 1.2720234  1.29286491 1.31360863 1.33425299
 1.35479642 1.37523736 1.39557428 1.41580562 1.43592985 1.45594545
 1.47585091 1.49564471 1.51532535 1.53489134 1.5543412  1.57367345
 1.59288663 1.61197927 1.63094994 1.64979718 1.66851958 1.68711571
 1.70558416 1.72392352 1.74213242 1.76020945 1.77815327 1.79596249
 1.81363578 1.83117179 1.84856919 1.86582667 1.88294293 1.89991665
 1.91674657 1.93343142 1.94996992 1.96636086 1.98260298 1.99869507
 2.01463594 2.03042439 2.04605925 2.06153937 2.07686361 2.09203084
 2.10703997 2.12188991 2.13657961 2.15110803 2.16547415 2.17967698
 2.19371556 2.20758896 2.22129628 2.23483665 2.24820924 2.26141327
 2.27444798 2.28735529]","[0.         0.02363694 0.04727208 0.07090366 0.09452987 0.11814893
 0.14175907 0.16535848 0.18894539 0.21251801 0.23607456 0.25961326
 0.28313233 0.30663    0.33010447 0.35355399 0.37697677 0.40037105
 0.42373506 0.44706702 0.47036518 0.49362778 0.51685304 0.54003923
 0.56318458 0.58628735 0.60934579 0.63235815 0.6553227  0.6782377
 0.70110141 0.72391211 0.74666807 0.76936757 0.79200889 0.81459034
 0.83711018 0.85956673 0.88195828 0.90428315 0.92653964 0.94872607
 0.97084076 0.99288204 1.01484825 1.03673772 1.0585488  1.08027984
 1.1019292  1.12349523 1.14497631 1.16637082 1.18767713 1.20889364
 1.23001873 1.25105082 1.27198832 1.29282963 1.31357319 1.33421743
 1.35476077 1.37520168 1.39553861 1.41577001 1.43589436 1.45591014
 1.47581583 1.49560993 1.51529094 1.53485738 1.55430775 1.5736406
 1.59285446 1.61194788 1.63091941 1.64976762 1.66849109 1.6870884
 1.70555813 1.72389891 1.74210933 1.76018803 1.77813363 1.79594478
 1.81362013 1.83115835 1.8485581  1.86581808 1.88293698 1.8999135
 1.91674636 1.93343429 1.94997603 1.96637032 1.98261592 1.99871161
 2.01465617 2.03044839 2.04608709 2.06157107 2.07689917 2.09207022
 2.10708309 2.12193663 2.13662973 2.15116126 2.16553014 2.17973527
 2.19377558 2.20765002 2.22135752 2.23489706 2.24826762 2.26146817
 2.27449772 2.28735529]",0.0003188157908848071
120,"[0.         0.02265327 0.0453051  0.06795378 0.09059774 0.1132354
 0.13586521 0.15848557 0.18109493 0.20369171 0.22627434 0.24884125
 0.27139088 0.29392166 0.31643202 0.33892041 0.36138525 0.38382499
 0.40623808 0.42862294 0.45097803 0.4733018  0.49559269 0.51784916
 0.54006966 0.56225264 0.58439657 0.60649991 0.62856111 0.65057866
 0.67255102 0.69447665 0.71635405 0.73818169 0.75995805 0.78168162
 0.80335089 0.82496436 0.84652051 0.86801787 0.88945493 0.9108302
 0.93214219 0.95338943 0.97457045 0.99568376 1.01672789 1.0377014
 1.05860282 1.07943069 1.10018358 1.12086003 1.14145861 1.16197789
 1.18241644 1.20277284 1.22304568 1.24323354 1.26333503 1.28334874
 1.30327329 1.32310728 1.34284935 1.36249811 1.3820522  1.40151026
 1.42087094 1.44013289 1.45929477 1.47835525 1.497313   1.51616671
 1.53491506 1.55355675 1.57209048 1.59051497 1.60882893 1.62703109
 1.64512018 1.66309494 1.68095413 1.69869651 1.71632083 1.73382588
 1.75121044 1.7684733  1.78561326 1.80262912 1.81951972 1.83628387
 1.85292041 1.86942819 1.88580606 1.90205288 1.91816753 1.9341489
 1.94999587 1.96570735 1.98128225 1.9967195  2.01201803 2.02717679
 2.04219473 2.05707081 2.07180402 2.08639334 2.10083778 2.11513634
 2.12928805 2.14329195 2.15714707 2.17085249 2.18440727 2.19781051
 2.21106129 2.22415873 2.23710196 2.24989012 2.26252235 2.27499784
 2.28735529]","[0.         0.02265209 0.0453026  0.06794997 0.09059262 0.11322897
 0.13585747 0.15847653 0.18108458 0.20368006 0.2262614  0.24882702
 0.27137536 0.29390486 0.31641395 0.33890106 0.36136464 0.38380313
 0.40621496 0.42859858 0.45095244 0.47327499 0.49556466 0.51781993
 0.54003923 0.56222103 0.58436379 0.60646597 0.62852603 0.65054245
 0.67251369 0.69443822 0.71631454 0.7381411  0.75991641 0.78163895
 0.80330721 0.82491968 0.84647487 0.86797127 0.8894074  0.91078176
 0.93209288 0.95333927 0.97451945 0.99563196 1.01667533 1.0376481
 1.0585488  1.079376   1.10012824 1.12080409 1.1414021  1.16192085
 1.18235891 1.20271486 1.22298729 1.24317479 1.26327596 1.2832894
 1.30321373 1.32304756 1.3427895  1.3624382  1.38199229 1.4014504
 1.4208112  1.44007332 1.45923544 1.47829623 1.49725436 1.51610851
 1.53485738 1.55349966 1.57203405 1.59045928 1.60877407 1.62697713
 1.64506721 1.66304305 1.6809034  1.69864702 1.71627268 1.73377916
 1.75116523 1.7684297  1.78557136 1.80258902 1.81948151 1.83624764
 1.85288625 1.8693962  1.88577632 1.90202549 1.91814258 1.93412646
 1.94997603 1.96569018 1.98126783 1.99670789 2.01200929 2.02717097
 2.04219187 2.05707096 2.07180719 2.08639955 2.10084703 2.11514861
 2.1293033  2.14331013 2.15716812 2.17087631 2.18443374 2.19783948
 2.21109259 2.22419215 2.23713725 2.249927   2.26256051 2.27503689
 2.28735529]",0.0004411453738450411
125,"[0.         0.0217469  0.04349253 0.06523537 0.08697404 0.10870714
 0.13043328 0.15215107 0.17385912 0.19555604 0.21724044 0.23891093
 0.26056613 0.28220465 0.3038251  0.3254261  0.34700627 0.36856423
 0.39009859 0.41160798 0.43309101 0.45454632 0.47597254 0.49736828
 0.51873218 0.54006288 0.561359   0.58261918 0.60384207 0.6250263
 0.64617052 0.66727338 0.68833352 0.70934959 0.73032025 0.75124416
 0.77211998 0.79294637 0.813722   0.83444554 0.85511566 0.87573104
 0.89629036 0.9167923  0.93723555 0.95761881 0.97794076 0.99820011
 1.01839556 1.03852581 1.05858959 1.0785856  1.09851256 1.1183692
 1.13815425 1.15786644 1.1775045  1.19706719 1.21655326 1.23596144
 1.2552905  1.2745392  1.29370632 1.31279062 1.33179088 1.35070588
 1.36953443 1.38827529 1.40692729 1.42548923 1.44395991 1.46233815
 1.48062278 1.49881263 1.51690653 1.53490332 1.55280186 1.57060099
 1.58829957 1.60589647 1.62339057 1.64078075 1.65806588 1.67524487
 1.6923166  1.70928    1.72613396 1.74287742 1.7595093  1.77602853
 1.79243405 1.80872481 1.82489977 1.84095789 1.85689814 1.87271949
 1.88842094 1.90400147 1.91946009 1.9347958  1.95000761 1.96509455
 1.98005566 1.99488996 2.0095965  2.02417435 2.03862256 2.05294019
 2.06712634 2.08118008 2.09510051 2.10888673 2.12253785 2.13605299
 2.14943128 2.16267185 2.17577384 2.18873641 2.20155872 2.21423993
 2.22677923 2.23917579 2.25142881 2.26353749 2.27550104 2.28735529]","[0.         0.02174602 0.04349065 0.0652325  0.08697017 0.10870228
 0.13042743 0.15214423 0.1738513  0.19554724 0.21723066 0.23890018
 0.26055441 0.28219197 0.30381147 0.32541152 0.34699074 0.36854776
 0.39008119 0.41158966 0.43307179 0.45452619 0.47595151 0.49734637
 0.5187094  0.54003923 0.5613345  0.58259384 0.6038159  0.62499932
 0.64614273 0.66724479 0.68830415 0.70931946 0.73028937 0.75121254
 0.77208763 0.79291331 0.81368825 0.83441111 0.85508057 0.8756953
 0.89625399 0.91675531 0.93719797 0.95758065 0.97790204 0.99816084
 1.01835577 1.03848552 1.0585488  1.07854434 1.09847086 1.11832707
 1.13811171 1.15782351 1.17746121 1.19702355 1.21650928 1.23591716
 1.25524594 1.27449439 1.29366126 1.31274535 1.33174541 1.35066025
 1.36948864 1.38822939 1.40688129 1.42544316 1.44391379 1.46229201
 1.48057665 1.49876653 1.51686049 1.53485738 1.55275603 1.5705553
 1.58825406 1.60585118 1.62334552 1.64073596 1.6580214  1.67520073
 1.69227284 1.70923665 1.72609107 1.74283502 1.75946743 1.77598723
 1.79239337 1.8086848  1.82486047 1.84091936 1.85686042 1.87268265
 1.88838502 1.90396654 1.9194262  1.93476303 1.94997603 1.96506423
 1.98002666 1.99486238 2.00957043 2.02414986 2.03859975 2.05291917
 2.0671072  2.08116294 2.09508549 2.10887395 2.12252744 2.1360451
 2.14942604 2.16266943 2.1757744  2.18874013 2.20156577 2.21425052
 2.22679355 2.23919408 2.25145129 2.26356441 2.27553267 2.28735529]",0.0003665819315625927
130,"[0.         0.02091052 0.0418199  0.06272681 0.08363    0.10452825
 0.12542031 0.14630494 0.16718092 0.188047   0.20890195 0.22974453
 0.25057352 0.27138768 0.29218577 0.31296657 0.33372885 0.35447137
 0.37519292 0.39589225 0.41656816 0.43721941 0.45784478 0.47844305
 0.49901301 0.51955343 0.54006309 0.5605408  0.58098533 0.60139547
 0.62177001 0.64210776 0.6624075  0.68266803 0.70288816 0.72306669
 0.74320242 0.76329417 0.78334074 0.80334094 0.8232936  0.84319753
 0.86305156 0.8828545  0.90260519 0.92230246 0.94194515 0.96153208
 0.9810621  1.00053406 1.0199468  1.03929918 1.05859004 1.07781825
 1.09698267 1.11608217 1.13511561 1.15408186 1.17297982 1.19180835
 1.21056634 1.22925268 1.24786627 1.26640601 1.28487079 1.30325953
 1.32157113 1.33980452 1.35795861 1.37603233 1.39402461 1.41193438
 1.42976059 1.44750217 1.46515809 1.48272728 1.50020873 1.51760138
 1.5349042  1.55211619 1.56923631 1.58626355 1.6031969  1.62003537
 1.63677795 1.65342365 1.66997149 1.68642049 1.70276966 1.71901805
 1.73516469 1.75120863 1.76714891 1.78298459 1.79871473 1.81433839
 1.82985466 1.84526261 1.86056133 1.8757499  1.89082744 1.90579304
 1.92064582 1.93538489 1.95000938 1.96451842 1.97891115 1.99318672
 2.00734427 2.02138296 2.03530196 2.04910044 2.06277757 2.07633255
 2.08976457 2.10307281 2.1162565  2.12931484 2.14224706 2.15505237
 2.16773002 2.18027925 2.19269929 2.20498942 2.21714889 2.22917697
 2.24107293 2.25283607 2.26446566 2.27596102 2.28735529]","[0.         0.02090965 0.04181807 0.06272401 0.08362624 0.10452353
 0.12541462 0.1462983  0.16717332 0.18803845 0.20889245 0.22973409
 0.25056214 0.27137536 0.29217253 0.3129524  0.33371376 0.35445537
 0.37517601 0.39587445 0.41654946 0.43719983 0.45782433 0.47842173
 0.49899083 0.5195304  0.54003923 0.56051611 0.58095982 0.60136915
 0.6217429  0.64207986 0.66237883 0.6826386  0.70285798 0.72303577
 0.74317078 0.76326181 0.78330769 0.80330721 0.8232592  0.84316247
 0.86301586 0.88281818 0.90256826 0.92226493 0.94190704 0.96149341
 0.98102288 1.00049431 1.01990654 1.03925842 1.0585488  1.07777655
 1.09694053 1.1160396  1.13507263 1.15403849 1.17293607 1.19176425
 1.21052191 1.22920794 1.24782124 1.2663607  1.28482523 1.30321373
 1.32152512 1.33975832 1.35791224 1.37598581 1.39397796 1.41188763
 1.42971375 1.44745528 1.46511116 1.48268034 1.5001618  1.51755448
 1.53485738 1.55206945 1.56918968 1.58621707 1.60315059 1.61998925
 1.63673206 1.65337802 1.66992615 1.68637546 1.702725   1.71897377
 1.73512084 1.75116523 1.76710601 1.78294222 1.79867294 1.81429722
 1.82981415 1.84522281 1.86052229 1.87571167 1.89079007 1.90575658
 1.92061033 1.93535044 1.94997603 1.96448623 1.9788802  1.99315707
 2.007316   2.02135616 2.03527671 2.04907683 2.0627557  2.07631252
 2.08974648 2.10305679 2.11624266 2.1293033  2.14223796 2.15504585
 2.16772623 2.18027834 2.19270144 2.20499479 2.21715767 2.22918936
 2.24108915 2.25285633 2.2644902  2.27599008 2.28735529]",0.00038116233526314347
135,"[0.         0.02013632 0.04027164 0.06040474 0.08053452 0.10065989
 0.12077973 0.14089295 0.16099843 0.18109507 0.20118178 0.22125745
 0.24132097 0.26137125 0.28140718 0.30142767 0.32143162 0.34141793
 0.3613855  0.38133324 0.40126004 0.42116483 0.4410465  0.46090397
 0.48073615 0.50054194 0.52032026 0.54007002 0.55979014 0.57947955
 0.59913715 0.61876187 0.63835263 0.65790835 0.67742797 0.69691042
 0.71635461 0.7357595  0.755124   0.77444706 0.79372762 0.81296462
 0.83215701 0.85130372 0.87040372 0.88945594 0.90845936 0.92741292
 0.94631558 0.96516631 0.98396407 1.00270783 1.02139656 1.04002924
 1.05860484 1.07712235 1.09558075 1.11397903 1.13231617 1.15059117
 1.16880303 1.18695075 1.20503334 1.22304979 1.24099913 1.25888037
 1.27669252 1.29443462 1.31210568 1.32970474 1.34723084 1.36468301
 1.38206029 1.39936173 1.41658639 1.43373332 1.45080158 1.46779023
 1.48469835 1.501525   1.51826927 1.53493023 1.55150698 1.5679986
 1.58440419 1.60072286 1.6169537  1.63309584 1.64914839 1.66511047
 1.6809812  1.69675972 1.71244516 1.72803667 1.74353339 1.75893448
 1.77423909 1.78944639 1.80455556 1.81956575 1.83447616 1.84928597
 1.86399437 1.87860056 1.89310375 1.90750314 1.92179795 1.9359874
 1.95007073 1.96404716 1.97791593 1.9916763  2.00532752 2.01886884
 2.03229953 2.04561888 2.05882614 2.07192062 2.08490161 2.0977684
 2.1105203  2.12315663 2.13567671 2.14807986 2.16036543 2.17253275
 2.18458118 2.19651007 2.20831879 2.2200067  2.2315732  2.24301768
 2.25433951 2.26553812 2.27661291 2.28735529]","[0.         0.02013524 0.04026937 0.06040129 0.0805299  0.10065409
 0.12077276 0.1408848  0.16098911 0.18108458 0.20117012 0.22124462
 0.24130699 0.26135611 0.28139089 0.30141023 0.32141304 0.34139821
 0.36136464 0.38131125 0.40123694 0.42114061 0.44102117 0.46087753
 0.48070861 0.50051331 0.52029054 0.54003923 0.55975829 0.57944663
 0.59910318 0.61872686 0.63831659 0.65787129 0.6773899  0.69687133
 0.71631454 0.73571843 0.75508196 0.77440406 0.79368367 0.81291973
 0.83211118 0.85125698 0.87035607 0.8894074  0.90840993 0.92736262
 0.94626442 0.9651143  0.98391123 1.00265417 1.0213421  1.03997398
 1.0585488  1.07706554 1.09552319 1.11392072 1.13225713 1.15053141
 1.16874257 1.1868896  1.2049715  1.22298729 1.24093597 1.25881657
 1.27662809 1.29436956 1.31204002 1.32963848 1.34716399 1.36461558
 1.38199229 1.39929317 1.41651728 1.43366366 1.45073138 1.46771949
 1.48462708 1.5014532  1.51819694 1.53485738 1.55143359 1.56792469
 1.58432975 1.60064788 1.61687819 1.63301977 1.64907176 1.66503326
 1.6809034  1.69668131 1.71236613 1.72795698 1.74345303 1.75885341
 1.77415729 1.78936382 1.80447217 1.81948151 1.83439101 1.84919986
 1.86390725 1.87851237 1.89301441 1.90741259 1.9217061  1.93589417
 1.94997603 1.96395088 1.97781798 1.99157656 2.00522585 2.01876513
 2.03219363 2.04551063 2.05871539 2.07180719 2.08478532 2.09764905
 2.11039769 2.12303053 2.13554687 2.14794605 2.16022737 2.17239015
 2.18443374 2.19635747 2.20816069 2.21984274 2.231403   2.24284082
 2.25415557 2.26534665 2.27641342 2.28735529]",0.0009281522401916899
140,"[0.         0.01941716 0.0388334  0.05824767 0.07765896 0.09706629
 0.11646867 0.1358651  0.1552546  0.17463618 0.19400884 0.21337161
 0.23272348 0.25206348 0.27139062 0.2907039  0.31000236 0.32928499
 0.34855082 0.36779886 0.38702813 0.40623765 0.42542644 0.44459353
 0.46373792 0.48285865 0.50195473 0.52102521 0.54006909 0.55908541
 0.57807321 0.5970315  0.61595933 0.63485572 0.65371972 0.67255035
 0.69134667 0.7101077  0.7288325  0.74752011 0.76616957 0.78477993
 0.80335024 0.82187956 0.84036694 0.85881143 0.8772121  0.89556801
 0.91387821 0.93214178 0.95035778 0.96852529 0.98664337 1.00471111
 1.02272757 1.04069185 1.05860302 1.07646017 1.09426239 1.11200878
 1.12969841 1.14733041 1.16490385 1.18241786 1.19987153 1.21726397
 1.2345943  1.25186163 1.26906509 1.28620378 1.30327685 1.32028342
 1.33722262 1.35409359 1.37089547 1.3876274  1.40428853 1.420878
 1.43739498 1.45383862 1.47020809 1.48650254 1.50272115 1.51886309
 1.53492753 1.55091367 1.56682069 1.58264777 1.59839411 1.6140589
 1.62964135 1.64514067 1.66055607 1.67588676 1.69113196 1.70629089
 1.72136279 1.73634688 1.75124241 1.76604862 1.78076475 1.79539006
 1.80992381 1.82436524 1.83871364 1.85296827 1.86712841 1.88119335
 1.89516235 1.90903473 1.92280977 1.93648678 1.95006506 1.96354393
 1.97692271 1.99020071 2.00337727 2.01645172 2.02942341 2.04229166
 2.05505585 2.06771532 2.08026943 2.09271756 2.10505908 2.11729337
 2.12941982 2.14143781 2.15334674 2.16514603 2.17683507 2.1884133
 2.19988012 2.21123497 2.22247729 2.23360651 2.24462209 2.25552348
 2.26631014 2.27698155 2.28735529]","[0.         0.01941613 0.03883128 0.05824444 0.07765463 0.09706086
 0.11646213 0.13585747 0.15524587 0.17462635 0.19399793 0.2133596
 0.23271039 0.25204931 0.27137536 0.29068757 0.30998495 0.32926652
 0.34853128 0.36777827 0.38700649 0.40621496 0.42540271 0.44456875
 0.46371212 0.48283182 0.50192689 0.52099635 0.54003923 0.55905456
 0.57804136 0.59699868 0.61592553 0.63482096 0.653684   0.67251369
 0.69130906 0.71006917 0.72879305 0.74747974 0.7661283  0.78473777
 0.80330721 0.82183566 0.84032217 0.85876582 0.87716565 0.89552073
 0.91383012 0.93209288 0.95030809 0.96847481 0.98659212 1.0046591
 1.02267482 1.04063836 1.0585488  1.07640524 1.09420676 1.11195246
 1.12964142 1.14727275 1.16484554 1.18235891 1.19981195 1.21720377
 1.23453349 1.25180023 1.2690031  1.28614122 1.30321373 1.32021974
 1.3371584  1.35402884 1.37083019 1.3875616  1.40422222 1.4208112
 1.43732768 1.45377083 1.47013981 1.48643379 1.50265192 1.51879339
 1.53485738 1.55084305 1.5667496  1.58257621 1.59832208 1.6139864
 1.62956837 1.64506721 1.66048211 1.6758123  1.69105698 1.70621539
 1.72128675 1.73627028 1.75116523 1.76597084 1.78068634 1.795311
 1.80984406 1.82428478 1.83863242 1.85288625 1.86704556 1.8811096
 1.89507767 1.90894905 1.92272304 1.93639893 1.94997603 1.96345363
 1.97683106 1.99010764 2.00328267 2.0163555  2.02932546 2.04219187
 2.0549541  2.06761148 2.08016337 2.09260913 2.10494812 2.11717972
 2.1293033  2.14131825 2.15322394 2.16501978 2.17670515 2.18827947
 2.19974214 2.21109259 2.22233022 2.23345446 2.24446476 2.25536054
 2.26614126 2.27680635 2.28735529]",0.0008760701246021377
145,"[0.         0.01874757 0.03749433 0.05623931 0.0749816  0.09372034
 0.11245461 0.13118353 0.14990621 0.16862176 0.18732929 0.20602791
 0.22471672 0.24339485 0.2620614  0.28071548 0.2993562  0.31798268
 0.33659404 0.35518939 0.37376783 0.3923285  0.4108705  0.42939295
 0.44789498 0.4663757  0.48483424 0.50326971 0.52168123 0.54006794
 0.55842896 0.57676341 0.59507043 0.61334913 0.63159866 0.64981814
 0.66800671 0.6861635  0.70428764 0.72237828 0.74043456 0.75845561
 0.77644059 0.79438862 0.81229887 0.83017047 0.84800258 0.86579435
 0.88354493 0.90125348 0.91891916 0.93654112 0.95411853 0.97165056
 0.98913636 1.0065751  1.02396597 1.04130812 1.05860073 1.07584299
 1.09303407 1.11017316 1.12725943 1.14429209 1.1612703  1.17819328
 1.19506021 1.21187029 1.22862273 1.24531672 1.26195148 1.2785262
 1.29504011 1.31149242 1.32788234 1.3442091  1.36047192 1.37667003
 1.39280265 1.40886903 1.42486839 1.44079997 1.45666303 1.4724568
 1.48818053 1.50383348 1.51941491 1.53492407 1.55036022 1.56572263
 1.58101058 1.59622334 1.61136018 1.62642038 1.64140323 1.65630802
 1.67113405 1.6858806  1.70054697 1.71513248 1.72963643 1.74405812
 1.75839688 1.77265203 1.78682289 1.80090879 1.81490905 1.82882303
 1.84265005 1.85638946 1.87004061 1.88360286 1.89707556 1.91045808
 1.92374978 1.93695003 1.95005821 1.9630737  1.97599588 1.98882415
 2.00155789 2.01419651 2.02673941 2.039186   2.05153569 2.06378791
 2.07594206 2.08799759 2.09995392 2.11181049 2.12356675 2.13522214
 2.14677612 2.15822814 2.16957767 2.18082419 2.19196715 2.20300604
 2.21394036 2.22476958 2.2354932  2.24611073 2.25662167 2.26702554
 2.27732185 2.28735529]","[0.         0.01874662 0.03749235 0.0562363  0.07497757 0.09371528
 0.11244853 0.13117643 0.14989809 0.16861263 0.18731914 0.20601674
 0.22470455 0.24338167 0.26204721 0.28070029 0.29934002 0.31796551
 0.33657587 0.35517023 0.3737477  0.39230739 0.41084842 0.42936991
 0.44787098 0.46635075 0.48480833 0.50324286 0.52165345 0.54003923
 0.55839933 0.57673286 0.59503897 0.61331677 0.63156541 0.649784
 0.66797169 0.68612761 0.7042509  0.72234069 0.74039613 0.75841634
 0.77640049 0.79434771 0.81225715 0.83012796 0.84795928 0.86575027
 0.88350009 0.90120788 0.91887282 0.93649404 0.95407073 0.97160204
 0.98908713 1.00652519 1.02391537 1.04125685 1.0585488  1.07579041
 1.09298086 1.11011931 1.12720497 1.14423702 1.16121464 1.17813703
 1.19500339 1.21181291 1.2285648  1.24525825 1.26189247 1.27846668
 1.29498008 1.31143189 1.32782132 1.3441476  1.36040994 1.37660759
 1.39273976 1.40880568 1.4248046  1.44073576 1.45659839 1.47239174
 1.48811506 1.5037676  1.51934862 1.53485738 1.55029313 1.56565515
 1.5809427  1.59615506 1.61129151 1.62635131 1.64133377 1.65623815
 1.67106377 1.6858099  1.70047586 1.71506093 1.72956443 1.74398568
 1.75832397 1.77257863 1.78674899 1.80083436 1.81483408 1.82874749
 1.84257391 1.8563127  1.8699632  1.88352476 1.89699673 1.91037848
 1.92366936 1.93686876 1.94997603 1.96299055 1.97591171 1.98873889
 2.00147149 2.01410889 2.02665049 2.0390957  2.05144393 2.06369458
 2.07584709 2.08790086 2.09985532 2.11170991 2.12346407 2.13511722
 2.14666883 2.15811833 2.1694652  2.18070887 2.19184883 2.20288453
 2.21381547 2.22464111 2.23536094 2.24597445 2.25648114 2.2668805
 2.27717205 2.28735529]",0.0008133106392326861
