,Approximate,Exact,Errors,log h,log Error
10,"[0.         0.16421306 0.32691382 0.48633161 0.64086644 0.78896697
 0.92914592 1.05999496 1.18019861 1.28854733 1.38735111]","[0.         0.16459748 0.32755035 0.48723045 0.6420423  0.79043908
 0.93093806 1.0621354  1.18272025 1.29148774 1.38735111]",0.0052638880499197285,-2.302585092994046,-5.246885352297783
15,"[0.         0.10974338 0.21903822 0.32735662 0.43421586 0.53913965
 0.64166029 0.74132068 0.8376764  0.93029767 1.01877121 1.10270216
 1.18171578 1.25545916 1.32360281 1.38735111]","[0.         0.10983335 0.21917873 0.32755035 0.43446673 0.53945286
 0.6420423  0.74177929 0.83822069 0.93093806 1.01951945 1.10357132
 1.18272025 1.25661458 1.32492604 1.38735111]",0.0025882829930826976,-2.70805020110221,-5.9567605601443185
20,"[0.         0.08237052 0.16455183 0.24632085 0.32747274 0.4078042
 0.48711398 0.56520335 0.64187666 0.71694177 0.79021055 0.86149938
 0.93062957 0.99742783 1.0617267  1.123365   1.18218819 1.23804881
 1.29080683 1.34033004 1.38735111]","[0.         0.08240172 0.16459748 0.24638183 0.32755035 0.40790017
 0.48723045 0.56534291 0.6420423  0.71713693 0.79043908 0.86176555
 0.93093806 0.9977837  1.0621354  1.12383232 1.18272025 1.23865198
 1.29148774 1.34109544 1.38735111]",0.00159601480092077,-2.995732273553991,-6.44024550623764
25,"[0.         0.06591531 0.13173378 0.19734112 0.26263223 0.32750246
 0.39184788 0.45556539 0.51855288 0.58070945 0.64193551 0.70213298
 0.76120544 0.81905829 0.8755989  0.93073678 0.98438371 1.0364539
 1.08686412 1.13553389 1.18238556 1.22734447 1.2703391  1.31130119
 1.35016588 1.38735111]","[0.         0.06593127 0.13175706 0.19737206 0.26267132 0.32755035
 0.39190538 0.45563344 0.51863258 0.58080202 0.6420423  0.70225546
 0.76134515 0.81921685 0.87577798 0.93093806 0.98460883 1.03670443
 1.08714153 1.13583944 1.18272025 1.22770895 1.27073358 1.31172531
 1.35061856 1.38735111]",0.0011140593023686817,-3.2188758248682006,-6.799744905169779
30,"[0.         0.05493509 0.10981418 0.16457116 0.21914517 0.27347551
 0.32750179 0.38116393 0.43440228 0.48715763 0.53937133 0.59098532
 0.6419422  0.6921853  0.74165875 0.79030752 0.8380775  0.88491554
 0.93076953 0.97558844 1.01932236 1.06192259 1.10334166 1.14353338
 1.18245287 1.22005663 1.25630254 1.29114988 1.32455938 1.35649321
 1.38735111]","[0.         0.0549472  0.10983335 0.16459748 0.21917873 0.27351648
 0.32755035 0.38122031 0.43446673 0.48723045 0.53945286 0.59107593
 0.6420423  0.69229537 0.74177929 0.79043908 0.83822069 0.88507104
 0.93093806 0.9757708  1.01951945 1.0621354  1.10357132 1.14378116
 1.18272025 1.22034532 1.25661458 1.29148774 1.32492604 1.35689233
 1.38735111]",0.0010259304707718562,-3.4011973816621555,-6.882155301808758
35,"[0.         0.04709124 0.09414723 0.14112634 0.18799019 0.23470052
 0.28121918 0.32750819 0.37352974 0.41924626 0.4646204  0.50961512
 0.55419367 0.59831964 0.64195701 0.68507013 0.7276238  0.76958326
 0.81091425 0.85158301 0.89155634 0.93080158 0.96928669 1.00698023
 1.04385141 1.07987011 1.11500692 1.14923313 1.18252076 1.21484263
 1.24617232 1.27648422 1.30575356 1.33395641 1.36106971 1.38735111]","[0.         0.04709991 0.09416138 0.14114599 0.18801538 0.2347313
 0.28125562 0.32755035 0.37357772 0.41930014 0.46468031 0.50968116
 0.55426598 0.59839837 0.6420423  0.68516216 0.72772273 0.76968929
 0.81102757 0.85170383 0.89168487 0.93093806 0.96943134 1.00713331
 1.04401319 1.08004086 1.11518693 1.14942271 1.18272025 1.21505236
 1.24639266 1.27671557 1.30599634 1.33421105 1.36133669 1.38735111]",0.0008235564107616383,-3.5553480614894135,-7.101878509464219
40,"[0.         0.04120897 0.08239432 0.12352817 0.16458478 0.2055385
 0.24636371 0.28703491 0.32752666 0.36781363 0.40787066 0.44767268
 0.48719481 0.52641233 0.56530073 0.60383567 0.64199305 0.67974901
 0.71707992 0.75396242 0.79037342 0.82629014 0.86169009 0.8965511
 0.93085132 0.96456927 0.99768381 1.03017417 1.06201997 1.09320122
 1.12369832 1.15349209 1.18256378 1.21089504 1.23846799 1.26526516
 1.29126951 1.31646446 1.34083387 1.36436203 1.38735111]","[0.         0.04121374 0.08240172 0.1235382  0.16459748 0.20555388
 0.24638183 0.28705579 0.32755035 0.3678402  0.40790017 0.44770521
 0.48723045 0.52645119 0.56534291 0.60388131 0.6420423  0.67980204
 0.71713693 0.75402363 0.79043908 0.82636054 0.86176555 0.89663199
 0.93093806 0.96466232 0.9977837  1.0302815  1.0621354  1.09332551
 1.12383232 1.15363678 1.18272025 1.21106455 1.23865198 1.2654653
 1.29148774 1.31670304 1.34109544 1.36464971 1.38735111]",0.0007301417412165282,-3.6888794541139363,-7.222271876619587
45,"[0.         0.03663301 0.07324944 0.10982968 0.14635568 0.18280939
 0.2191728  0.25542797 0.29155697 0.32754196 0.36336517 0.3990089
 0.43445554 0.46968758 0.50468761 0.53943833 0.57392258 0.6081233
 0.6420236  0.6756067  0.70885601 0.74175507 0.7742876  0.8064375
 0.83818886 0.86952595 0.90043322 0.93089535 0.96089723 0.99042394
 1.01946081 1.04799338 1.07600742 1.10348895 1.13042421 1.15679968
 1.18260211 1.20781845 1.23243593 1.256442   1.27982435 1.30257091
 1.32466984 1.34610949 1.36687846 1.38735111]","[0.         0.03663524 0.07325238 0.10983335 0.14636009 0.18281455
 0.21917873 0.25543469 0.29156451 0.32755035 0.36337445 0.39901911
 0.43446673 0.46969981 0.50470094 0.53945286 0.57393838 0.6081405
 0.6420423  0.67562707 0.7088782  0.74177929 0.77431408 0.80646651
 0.83822069 0.86956097 0.90047184 0.93093806 0.96094457 0.99047656
 1.01951945 1.04805889 1.07608079 1.10357132 1.1305169  1.15690421
 1.18272025 1.20795224 1.23258774 1.25661458 1.2800209  1.30279513
 1.32492604 1.34640268 1.36721447 1.38735111]",0.0007022383244810603,-3.8066624897703196,-7.261237717990599
50,"[0.         0.03296957 0.06592704 0.09885813 0.13174966 0.16458848
 0.19736143 0.23005541 0.26265733 0.29515415 0.32753287 0.35978053
 0.39188422 0.4238311  0.4556084  0.48720338 0.51860342 0.54979595
 0.58076849 0.61150865 0.64200413 0.67224273 0.70221235 0.731901
 0.76129681 0.79038803 0.819163   0.84761023 0.87571833 0.90347607
 0.93087233 0.95789618 0.98453679 1.01078352 1.03662586 1.0620535
 1.08705625 1.11162413 1.13574731 1.15941614 1.18262116 1.2053531
 1.22760286 1.24936154 1.27062045 1.29137107 1.31160512 1.33131448
 1.35049128 1.36912784 1.38735111]","[0.         0.03297223 0.06593127 0.09886393 0.13175706 0.16459748
 0.19737206 0.2300677  0.26267132 0.29516987 0.32755035 0.35979982
 0.39190538 0.42385417 0.45563344 0.48723045 0.51863258 0.54982726
 0.58080202 0.61154447 0.6420423  0.67228333 0.70225546 0.73194669
 0.76134515 0.79043908 0.81921685 0.84766695 0.87577798 0.90353872
 0.93093806 0.95796503 0.98460883 1.0108588  1.03670443 1.0621354
 1.08714153 1.11171282 1.13583944 1.15951174 1.18272025 1.20545568
 1.22770895 1.24947115 1.27073358 1.29148774 1.31172531 1.33143822
 1.35061856 1.36925868 1.38735111]",0.00048209434293859573,-3.912023005428146,-7.637370730828978
55,"[0.         0.02997608 0.05994307 0.08989022 0.11980765 0.14968543
 0.1795137  0.20928258 0.23898224 0.26860283 0.29813457 0.32756768
 0.35689243 0.38609912 0.41517809 0.44411972 0.47291444 0.50155272
 0.53002509 0.55832214 0.5864345  0.61435288 0.64206805 0.66957085
 0.69685217 0.723903   0.7507144  0.7772775  0.80358353 0.82962379
 0.85538967 0.88087266 0.90606435 0.93095641 0.95554062 0.97980887
 1.00375314 1.02736554 1.05063828 1.07356368 1.09613418 1.11834236
 1.14018088 1.16164258 1.18272038 1.20340736 1.22369672 1.2435818
 1.26305608 1.28211318 1.30074686 1.31895103 1.33671973 1.35404718
 1.37092772 1.38735111]","[0.         0.0299751  0.05994029 0.08988566 0.11980133 0.14967739
 0.17950397 0.20927121 0.23896927 0.26858834 0.29811862 0.32755035
 0.3568738  0.38607929 0.41515714 0.44409776 0.47289157 0.50152906
 0.53000076 0.55829726 0.5864092  0.61432729 0.6420423  0.66954508
 0.69682652 0.72387762 0.75068942 0.77725307 0.80355978 0.82960085
 0.85536769 0.88085177 0.90604467 0.93093806 0.9555237  0.97979348
 1.00373937 1.02735346 1.05062793 1.0735551  1.09612738 1.11833732
 1.14017757 1.16164091 1.18272025 1.20340861 1.22369917 1.24358521
 1.26306016 1.28211758 1.30075117 1.31895477 1.33672236 1.35404808
 1.37092619 1.38735111]",0.00011978280883567022,-4.007333185232471,-9.0298303814474
60,"[0.         0.02747974 0.05495247 0.08240992 0.10984447 0.13724847
 0.16461433 0.19193441 0.21920115 0.24640694 0.27354423 0.30060548
 0.32758316 0.35446978 0.38125785 0.40793994 0.43450863 0.46095654
 0.4872763  0.51346062 0.5395022  0.56539382 0.59112828 0.61669844
 0.64209717 0.66731743 0.69235222 0.71719458 0.7418376  0.76627445
 0.79049834 0.81450255 0.8382804  0.86182531 0.88513074 0.90819023
 0.93099737 0.95354585 0.97582942 0.9978419  1.01957719 1.04102929
 1.06219224 1.0830602  1.1036274  1.12388816 1.14383689 1.16346808
 1.18277633 1.20175631 1.22040281 1.23871072 1.25667499 1.27429073
 1.2915531  1.3084574  1.32499902 1.34117346 1.35697635 1.3724034
 1.38735111]","[0.         0.02747742 0.0549472  0.08240172 0.10983335 0.13723447
 0.16459748 0.19191476 0.21917873 0.24638183 0.27351648 0.30057516
 0.32755035 0.35443456 0.38122031 0.40790017 0.43446673 0.4609126
 0.48723045 0.51341296 0.53945286 0.56534291 0.59107593 0.61664476
 0.6420423  0.66726151 0.69229537 0.71713693 0.74177929 0.7662156
 0.79043908 0.814443   0.83822069 0.86176555 0.88507104 0.90813067
 0.93093806 0.95348685 0.9757708  0.9977837  1.01951945 1.040972
 1.0621354  1.08300378 1.10357132 1.12383232 1.14378116 1.16341228
 1.18272025 1.20169968 1.22034532 1.23865198 1.25661458 1.27422813
 1.29148774 1.3083886  1.32492604 1.34109544 1.35689233 1.37231232
 1.38735111]",0.0004056767671948848,-4.0943445622221,-7.809953855364308
65,"[0.         0.02536667 0.05072783 0.07607698 0.1014081  0.1267152
 0.15199228 0.17723335 0.20243245 0.22758358 0.25268081 0.27771818
 0.30268976 0.32758964 0.35241192 0.37715072 0.40180018 0.42635446
 0.45080775 0.47515426 0.49938821 0.52350388 0.54749555 0.57135753
 0.59508418 0.61866989 0.64210905 0.66539614 0.68852563 0.71149205
 0.73428997 0.75691399 0.77935875 0.80161894 0.82368931 0.84556463
 0.86723972 0.88870946 0.90996878 0.93101266 0.95183611 0.97243422
 0.99280213 1.01293504 1.03282818 1.05247687 1.07187647 1.09102242
 1.10991021 1.12853538 1.14689357 1.16498046 1.18279179 1.20032339
 1.21757116 1.23453105 1.2511991  1.26757141 1.28364418 1.29941365
 1.31487617 1.33002814 1.34486607 1.35938652 1.37358615 1.38735111]","[0.         0.02536394 0.05072188 0.07606781 0.10139574 0.12669968
 0.15197362 0.1772116  0.20240763 0.22755575 0.25265002 0.27768449
 0.30265324 0.32755035 0.35236994 0.37710613 0.40175307 0.42630491
 0.45075586 0.47510013 0.49933194 0.52344558 0.54743532 0.5712955
 0.59502046 0.61860459 0.6420423  0.66532806 0.68845635 0.71142169
 0.73421865 0.75684184 0.77928589 0.8015455  0.8236154  0.84549037
 0.86716522 0.88863484 0.90989412 0.93093806 0.95176165 0.97235999
 0.99272818 1.01286141 1.03275491 1.05240399 1.07180397 1.09095028
 1.10983839 1.12846381 1.14682215 1.16490905 1.18272025 1.20025151
 1.2174987  1.23445772 1.25112458 1.26749531 1.28356606 1.299333
 1.31479242 1.32994065 1.34477411 1.35928928 1.37348273 1.38735111]",0.0005185437624330119,-4.174387269895637,-7.564486131864031
70,"[0.         0.02355528 0.04710614 0.07064739 0.0941742  0.11768178
 0.14116532 0.16462002 0.1880411  0.21142376 0.23476324 0.25805477
 0.28129358 0.30447494 0.32759411 0.35064636 0.37362699 0.3965313
 0.41935462 0.44209228 0.46473965 0.48729208 0.50974499 0.53209379
 0.5543339  0.5764608  0.59846996 0.62035688 0.64211711 0.66374619
 0.68523972 0.7065933  0.72780257 0.74886322 0.76977093 0.79052145
 0.81111054 0.831534   0.85178766 0.8718674  0.89176911 0.91148875
 0.93102229 0.95036576 0.9695152  0.98846673 1.00721648 1.02576064
 1.04409543 1.06221712 1.08012204 1.09780654 1.11526702 1.13249996
 1.14950184 1.16626923 1.18279872 1.19908697 1.21513069 1.23092664
 1.24647162 1.2617625  1.2767962  1.29156971 1.30608005 1.32032432
 1.33429965 1.34800328 1.36143245 1.37458451 1.38735111]","[0.         0.02355236 0.04709991 0.07063785 0.09416138 0.11766569
 0.14114599 0.16459748 0.18801538 0.21139491 0.2347313  0.25801979
 0.28125562 0.30443405 0.32755035 0.35059981 0.37357772 0.39647939
 0.41930014 0.44203533 0.46468031 0.48723045 0.50968116 0.53202786
 0.55426598 0.57639099 0.59839837 0.62028363 0.6420423  0.66366995
 0.68516216 0.70651454 0.72772273 0.74878241 0.76968929 0.79043908
 0.81102757 0.83145054 0.85170383 0.87178331 0.89168487 0.91140446
 0.93093806 0.95028167 0.96943134 0.98838318 1.00713331 1.02567791
 1.04401319 1.0621354  1.08004086 1.09772591 1.11518693 1.13242037
 1.14942271 1.16619047 1.18272025 1.19900865 1.21505236 1.23084811
 1.24639266 1.26168286 1.27671557 1.29148774 1.30599634 1.32023841
 1.33421105 1.34791141 1.36133669 1.37448415 1.38735111]",0.0005878372490300657,-4.248495242049359,-7.4390604357421735
75,"[0.         0.02198537 0.04396716 0.06594112 0.08790335 0.10984994
 0.13177698 0.15368057 0.17555682 0.19740182 0.2192117  0.24098256
 0.26271055 0.28439179 0.30602243 0.3275986  0.34911649 0.37057225
 0.39196207 0.41328215 0.43452869 0.4556979  0.47678603 0.49778933
 0.51870404 0.53952647 0.56025289 0.58087962 0.601403   0.62181938
 0.64212511 0.6623166  0.68239024 0.70234247 0.72216975 0.74186854
 0.76143534 0.78086668 0.80015909 0.81930916 0.83831347 0.85716865
 0.87587136 0.89441826 0.91280606 0.93103149 0.94909133 0.96698236
 0.98470141 1.00224534 1.01961102 1.03679539 1.0537954  1.07060803
 1.08723031 1.10365929 1.11989206 1.13592576 1.15175754 1.16738462
 1.18280423 1.19801364 1.21301019 1.22779122 1.24235413 1.25669637
 1.27081541 1.28470878 1.29837404 1.31180879 1.3250107  1.33797745
 1.35070679 1.3631965  1.37544442 1.38735111]","[0.         0.0219823  0.04396069 0.06593127 0.08789012 0.10983335
 0.13175706 0.15365734 0.1755303  0.19737206 0.21917873 0.24094644
 0.26267132 0.28434949 0.30597712 0.32755035 0.34906535 0.3705183
 0.39190538 0.41322278 0.43446673 0.45563344 0.47671914 0.4977201
 0.51863258 0.53945286 0.56017723 0.58080202 0.60132356 0.6217382
 0.6420423  0.66223227 0.68230451 0.70225546 0.72208156 0.74177929
 0.76134515 0.78077566 0.80006737 0.81921685 0.83822069 0.85707552
 0.87577798 0.89432475 0.91271253 0.93093806 0.94899808 0.9668894
 0.98460883 1.00215322 1.01951945 1.03670443 1.05370512 1.07051848
 1.08714153 1.10357132 1.11980492 1.13583944 1.15167204 1.1672999
 1.18272025 1.19793033 1.21292746 1.22770895 1.24227219 1.25661458
 1.27073358 1.28462668 1.2982914  1.31172531 1.32492604 1.33789122
 1.35061856 1.3631058  1.37535071 1.38735111]",0.0006543288357301857,-4.31748811353631,-7.331900525945232
80,"[0.         0.02061171 0.04122046 0.06182277 0.08241541 0.10299515
 0.12355879 0.1441031  0.16462487 0.1851209  0.20558797 0.22602288
 0.24642244 0.26678346 0.28710276 0.30737715 0.32760346 0.34777853
 0.36789921 0.38796235 0.40796481 0.42790346 0.44777518 0.46757688
 0.48730544 0.50695778 0.52653084 0.54602155 0.56542686 0.58474374
 0.60396917 0.62310013 0.64213365 0.66106675 0.67989645 0.69861983
 0.71723395 0.73573591 0.7541228  0.77239177 0.79053995 0.8085645
 0.82646261 0.84423149 0.86186836 0.87937046 0.89673505 0.91395944
 0.93104092 0.94797684 0.96476454 0.98140141 0.99788485 1.01421229
 1.03038118 1.04638901 1.06223328 1.07791152 1.09342129 1.10876016
 1.12392577 1.13891574 1.15372774 1.16835948 1.18280868 1.1970731
 1.21115052 1.22503877 1.23873568 1.25223914 1.26554707 1.2786574
 1.29156812 1.30427722 1.31678276 1.3290828  1.34117547 1.35305891
 1.36473128 1.37619082 1.38735111]","[0.         0.02060848 0.04121374 0.06181256 0.08240172 0.10297801
 0.1235382  0.1440791  0.16459748 0.18509014 0.20555388 0.22598551
 0.24638183 0.26673965 0.28705579 0.30732708 0.32755035 0.34772244
 0.3678402  0.38790049 0.40790017 0.42783611 0.44770521 0.46750435
 0.48723045 0.50688042 0.52645119 0.5459397  0.56534291 0.58465778
 0.60388131 0.62301048 0.6420423  0.66097381 0.67980204 0.69852406
 0.71713693 0.73563775 0.75402363 0.77229169 0.79043908 0.80846297
 0.82636054 0.84412899 0.86176555 0.87926746 0.89663199 0.91385642
 0.93093806 0.94787424 0.96466232 0.98129967 0.9977837  1.01411183
 1.0302815  1.04629019 1.0621354  1.07781466 1.09332551 1.10866553
 1.12383232 1.13882352 1.15363678 1.16826978 1.18272025 1.19698591
 1.21106455 1.22495397 1.23865198 1.25215646 1.2654653  1.27857641
 1.29148774 1.30419728 1.31670304 1.32900307 1.34109544 1.35297828
 1.36464971 1.37610792 1.38735111]",0.0007215448578159829,-4.382026634673881,-7.2341160086878835
85,"[0.         0.01939965 0.03879685 0.05818866 0.07757241 0.09694542
 0.11630499 0.13564844 0.15497311 0.17427629 0.19355534 0.21280756
 0.23203029 0.25122088 0.27037666 0.28949497 0.30857318 0.32760863
 0.34659868 0.36554072 0.3844321  0.40327022 0.42205246 0.44077623
 0.45943892 0.47803796 0.49657076 0.51503476 0.5334274  0.55174613
 0.56998841 0.58815173 0.60623355 0.62423137 0.64214271 0.65996509
 0.67769602 0.69533306 0.71287376 0.7303157  0.74765646 0.76489363
 0.78202484 0.7990477  0.81595987 0.83275899 0.84944275 0.86600884
 0.88245495 0.89877882 0.91497819 0.93105081 0.94699447 0.96280695
 0.97848607 0.99402966 1.00943558 1.02470169 1.03982588 1.05480607
 1.06964018 1.08432616 1.098862   1.11324568 1.12747522 1.14154866
 1.15546405 1.16921948 1.18281306 1.19624291 1.20950719 1.22260408
 1.23553176 1.24828847 1.26087247 1.27328201 1.2855154  1.29757097
 1.30944707 1.32114208 1.33265439 1.34398245 1.3551247  1.36607964
 1.37684577 1.38735111]","[0.         0.01939627 0.03878986 0.05817808 0.07755825 0.09692768
 0.1162837  0.13562362 0.15494478 0.17424448 0.19352007 0.21276888
 0.23198824 0.25117548 0.27032797 0.28944304 0.30851804 0.32755035
 0.34653732 0.36547633 0.38436476 0.40319998 0.4219794  0.44070042
 0.45936044 0.47795688 0.49648717 0.51494874 0.53333904 0.55165552
 0.56989564 0.5880569  0.60613676 0.62413272 0.6420423  0.65986302
 0.67759241 0.69522802 0.7127674  0.73020813 0.7475478  0.764784
 0.78191434 0.79893647 0.81584802 0.83264665 0.84933003 0.86589586
 0.88234185 0.89866571 0.9148652  0.93093806 0.94688207 0.96269502
 0.97837474 0.99391904 1.00932577 1.02459281 1.03971803 1.05469936
 1.0695347  1.08422201 1.09875926 1.11314444 1.12737555 1.14145062
 1.15536771 1.16912488 1.18272025 1.19615191 1.20941802 1.22251674
 1.23544625 1.24820477 1.26079053 1.27320179 1.28543683 1.29749396
 1.3093715  1.32106782 1.33258129 1.34391033 1.35505335 1.36600884
 1.37677525 1.38735111]",0.0007945751997020724,-4.442651256490317,-7.137702926117827
90,"[0.         0.01832224 0.03664241 0.05495804 0.07326689 0.09156667
 0.10985515 0.12813004 0.14638909 0.16463006 0.18285067 0.20104869
 0.21922185 0.23736792 0.25548465 0.27356981 0.29162115 0.30963645
 0.32761347 0.34555001 0.36344383 0.38129274 0.39909452 0.41684697
 0.4345479  0.45219512 0.46978645 0.48731971 0.50479275 0.52220339
 0.53954949 0.5568289  0.5740395  0.59117914 0.60824572 0.62523712
 0.64215124 0.658986   0.67573931 0.69240911 0.70899333 0.72548992
 0.74189685 0.75821208 0.77443361 0.79055943 0.80658755 0.82251599
 0.83834277 0.85406595 0.86968358 0.88519373 0.9005945  0.91588397
 0.93106027 0.9461215  0.96106583 0.9758914  0.99059639 1.00517897
 1.01963736 1.03396977 1.04817442 1.06224958 1.0761935  1.09000447
 1.10368078 1.11722076 1.13062273 1.14388504 1.15700607 1.1699842
 1.18281783 1.19550539 1.20804532 1.22043607 1.23267614 1.24476401
 1.25669821 1.26847728 1.28009977 1.29156426 1.30286934 1.31401365
 1.32499582 1.33581451 1.3464684  1.35695619 1.36727662 1.37742843
 1.38735111]","[0.         0.01831875 0.03663524 0.0549472  0.07325238 0.09154852
 0.10983335 0.12810463 0.14636009 0.16459748 0.18281455 0.20100905
 0.21917873 0.23732136 0.25543469 0.27351648 0.29156451 0.30957654
 0.32755035 0.34548373 0.36337445 0.38122031 0.39901911 0.41676864
 0.43446673 0.45211117 0.46969981 0.48723045 0.50470094 0.52210913
 0.53945286 0.55672999 0.57393838 0.59107593 0.6081405  0.62512999
 0.6420423  0.65887536 0.67562707 0.69229537 0.7088782  0.72537352
 0.74177929 0.75809348 0.77431408 0.79043908 0.80646651 0.82239436
 0.83822069 0.85394354 0.86956097 0.88507104 0.90047184 0.91576148
 0.93093806 0.94599971 0.96094457 0.9757708  0.99047656 1.00506004
 1.01951945 1.03385299 1.04805889 1.0621354  1.07608079 1.08989333
 1.10357132 1.11711306 1.1305169  1.14378116 1.15690421 1.16988444
 1.18272025 1.19541003 1.20795224 1.22034532 1.23258774 1.244678
 1.25661458 1.26839604 1.2800209  1.29148774 1.30279513 1.31394169
 1.32492604 1.33574681 1.34640268 1.35689233 1.36721447 1.37736781
 1.38735111]",0.0008714651383349512,-4.499809670330265,-7.0453346957148515
95,"[0.         0.01735771 0.03471365 0.05206574 0.06941206 0.08675068
 0.10407968 0.12139713 0.13870111 0.15598972 0.17326102 0.1905131
 0.20774405 0.22495196 0.24213491 0.25929101 0.27641835 0.29351503
 0.31057916 0.32760884 0.34460217 0.36155729 0.3784723  0.39534534
 0.41217452 0.42895799 0.44569388 0.46238034 0.47901551 0.49559755
 0.51212462 0.5285949  0.54500654 0.56135774 0.57764667 0.59387154
 0.61003054 0.62612188 0.64214378 0.65809447 0.67397216 0.68977511
 0.70550155 0.72114976 0.73671798 0.7522045  0.76760761 0.78292558
 0.79815673 0.81329937 0.82835182 0.84331241 0.85817948 0.87295139
 0.8876265  0.90220318 0.91667983 0.93105484 0.94532661 0.95949357
 0.97355415 0.98750679 1.00134995 1.0150821  1.02870172 1.0422073
 1.05559735 1.0688704  1.08202497 1.09505961 1.10797288 1.12076336
 1.13342964 1.14597032 1.15838401 1.17066935 1.18282499 1.19484958
 1.20674181 1.21850037 1.23012396 1.24161131 1.25296115 1.26417225
 1.27524337 1.2861733  1.29696085 1.30760484 1.3181041  1.32845749
 1.33866388 1.34872216 1.35863124 1.36839005 1.37799751 1.38735111]","[0.         0.01735464 0.03470736 0.05205623 0.06939933 0.08673475
 0.10406055 0.12137482 0.13867565 0.15596111 0.17322929 0.19047827
 0.20770615 0.22491101 0.24209096 0.25924408 0.27636847 0.29346225
 0.3105235  0.32755035 0.34454091 0.36149329 0.37840561 0.39527601
 0.41210261 0.42888355 0.44561697 0.46230101 0.47893383 0.49551358
 0.51203842 0.52850654 0.54491609 0.56126526 0.57755225 0.59377524
 0.60993244 0.62602205 0.6420423  0.65799142 0.67386762 0.68966916
 0.70539428 0.72104125 0.73660832 0.75209377 0.76749589 0.78281297
 0.79804331 0.81318522 0.82823703 0.84319708 0.85806369 0.87283523
 0.88751006 0.90208654 0.91656308 0.93093806 0.94520988 0.95937698
 0.97343778 0.98739071 1.00123424 1.01496683 1.02858696 1.04209313
 1.05548382 1.06875757 1.08191289 1.09494834 1.10786246 1.12065383
 1.13332103 1.14586265 1.15827731 1.17056363 1.18272025 1.19474582
 1.20663901 1.2183985  1.23002299 1.24151119 1.25286183 1.26407364
 1.2751454  1.28607587 1.29686383 1.3075081  1.3180075  1.32836086
 1.33856703 1.34862489 1.35853331 1.36829121 1.3778975  1.38735111]",0.0009012244730318494,-4.553876891600541,-7.011756193725359
100,"[0.         0.0164897  0.03297788 0.04946276 0.06594269 0.08241602
 0.0988811  0.11533628 0.13177992 0.14821037 0.16462598 0.18102512
 0.19740613 0.21376739 0.23010725 0.24642407 0.26271623 0.2789821
 0.29522004 0.31142843 0.32760565 0.34375007 0.35986009 0.3759341
 0.39197047 0.40796761 0.42392392 0.4398378  0.45570765 0.47153189
 0.48730894 0.50303721 0.51871514 0.53434115 0.54991368 0.56543117
 0.58089207 0.59629483 0.61163792 0.62691978 0.64213891 0.65729377
 0.67238285 0.68740464 0.70235764 0.71724035 0.73205128 0.74678895
 0.76145189 0.77603863 0.79054771 0.80497769 0.81932712 0.83359456
 0.8477786  0.8618778  0.87589077 0.8898161  0.90365241 0.9173983
 0.93105242 0.94461338 0.95807985 0.97145047 0.98472392 0.99789886
 1.01097398 1.02394798 1.03681957 1.04958746 1.06225038 1.07480707
 1.08725628 1.09959676 1.11182729 1.12394666 1.13595366 1.14784709
 1.15962577 1.17128854 1.18283423 1.1942617  1.20556982 1.21675747
 1.22782354 1.23876694 1.24958657 1.26028139 1.27085032 1.28129233
 1.29160638 1.30179147 1.3118466  1.32177077 1.33156301 1.34122236
 1.35074789 1.36013865 1.36939373 1.37851224 1.38735111]","[0.         0.01648694 0.03297223 0.04945422 0.06593127 0.08240172
 0.09886393 0.11531626 0.13175706 0.14818468 0.16459748 0.18099382
 0.19737206 0.21373057 0.2300677  0.24638183 0.26267132 0.27893454
 0.29516987 0.31137568 0.32755035 0.34369227 0.35979982 0.37587139
 0.39190538 0.40790017 0.42385417 0.43976579 0.45563344 0.47145552
 0.48723045 0.50295666 0.51863258 0.53425663 0.54982726 0.56534291
 0.58080202 0.59620305 0.61154447 0.62682473 0.6420423  0.65719568
 0.67228333 0.68730376 0.70225546 0.71713693 0.73194669 0.74668325
 0.76134515 0.77593091 0.79043908 0.80486821 0.81921685 0.83348357
 0.84766695 0.86176555 0.87577798 0.88970284 0.90353872 0.91728425
 0.93093806 0.94449877 0.95796503 0.97133549 0.98460883 0.9977837
 1.0108588  1.02383281 1.03670443 1.04947239 1.0621354  1.0746922
 1.08714153 1.09948215 1.11171282 1.12383232 1.13583944 1.14773298
 1.15951174 1.17117455 1.18272025 1.19414767 1.20545568 1.21664315
 1.22770895 1.23865198 1.24947115 1.26016538 1.27073358 1.28117472
 1.29148774 1.30167161 1.31172531 1.32164785 1.33143822 1.34109544
 1.35061856 1.36000662 1.36925868 1.37837381 1.38735111]",0.0009629389520626489,-4.605170185988092,-6.945520541672331
105,"[0.         0.0157044  0.03140749 0.04710773 0.06280369 0.07849396
 0.09417709 0.10985168 0.12551629 0.14116951 0.15680991 0.17243608
 0.18804659 0.20364004 0.21921499 0.23477005 0.25030379 0.26581481
 0.28130169 0.29676305 0.31219746 0.32760353 0.34297986 0.35832505
 0.37363772 0.38891647 0.40415991 0.41936666 0.43453535 0.44966459
 0.46475301 0.47979925 0.49480193 0.5097597  0.52467119 0.53953506
 0.55434995 0.56911453 0.58382745 0.59848737 0.61309297 0.62764292
 0.64213591 0.65657061 0.67094572 0.68525993 0.69951195 0.71370048
 0.72782424 0.74188194 0.75587231 0.76979408 0.783646   0.7974268
 0.81113523 0.82477006 0.83833004 0.85181395 0.86522057 0.87854868
 0.89179707 0.90496455 0.91804992 0.931052   0.94396961 0.95680159
 0.96954676 0.98220398 0.9947721  1.00724999 1.01963652 1.03193057
 1.04413102 1.05623678 1.06824675 1.08015986 1.09197501 1.10369116
 1.11530723 1.12682219 1.138235   1.14954462 1.16075005 1.17185027
 1.18284429 1.19373112 1.20450977 1.21517929 1.22573872 1.23618711
 1.24652352 1.25674704 1.26685674 1.27685173 1.28673111 1.29649401
 1.30613955 1.31566688 1.32507515 1.33436354 1.3435312  1.35257735
 1.36150117 1.37030189 1.37897872 1.38735111]","[0.         0.01570187 0.03140232 0.04709991 0.06279324 0.07848087
 0.09416138 0.10983335 0.12549536 0.14114599 0.15678381 0.17240741
 0.18801538 0.20360629 0.21917873 0.2347313  0.25026257 0.26577115
 0.28125562 0.29671457 0.31214662 0.32755035 0.34292437 0.35826729
 0.37357772 0.38885426 0.40409553 0.41930014 0.43446673 0.44959391
 0.46468031 0.47972456 0.4947253  0.50968116 0.5245908  0.53945286
 0.55426598 0.56902884 0.58374008 0.59839837 0.61300239 0.62755081
 0.6420423  0.65647557 0.67084929 0.68516216 0.69941288 0.71360017
 0.72772273 0.74177929 0.75576856 0.76968929 0.7835402  0.79732004
 0.81102757 0.82466153 0.83822069 0.85170383 0.86510971 0.87843713
 0.89168487 0.90485173 0.91793652 0.93093806 0.94385515 0.95668663
 0.96943134 0.98208812 0.99465583 1.00713331 1.01951945 1.03181311
 1.04401319 1.05611857 1.06812816 1.08004086 1.09185561 1.10357132
 1.11518693 1.1267014  1.13811367 1.14942271 1.1606275  1.17172701
 1.18272025 1.19360621 1.2043839  1.21505236 1.22561061 1.23605769
 1.24639266 1.25661458 1.26672253 1.27671557 1.28659282 1.29635337
 1.30599634 1.31552085 1.32492604 1.33421105 1.34337505 1.35241721
 1.36133669 1.3701327  1.37880444 1.38735111]",0.001045341056509589,-4.653960350157523,-6.863412076946787
110,"[0.         0.01499053 0.02997992 0.04496684 0.05995003 0.07492827
 0.08990031 0.10486491 0.11982084 0.13476686 0.14970173 0.16462422
 0.17953309 0.19442711 0.20930505 0.22416568 0.23900777 0.25383009
 0.26863142 0.28341052 0.29816619 0.31289719 0.32760231 0.34228034
 0.35693006 0.37155025 0.38613972 0.40069725 0.41522164 0.42971169
 0.44416619 0.45858397 0.47296381 0.48730454 0.50160497 0.51586391
 0.53008019 0.54425263 0.55838006 0.57246132 0.58649523 0.60048064
 0.61441639 0.62830133 0.64213431 0.6559142  0.66963984 0.68331011
 0.69692388 0.71048002 0.72397741 0.73741494 0.75079149 0.76410597
 0.77735727 0.7905443  0.80366596 0.81672119 0.82970889 0.84262799
 0.85547744 0.86825616 0.88096311 0.89359723 0.90615749 0.91864284
 0.93105227 0.94338473 0.95563923 0.96781474 0.97991027 0.99192482
 1.00385739 1.01570701 1.02747271 1.0391535  1.05074844 1.06225656
 1.07367692 1.08500859 1.09625063 1.10740211 1.11846213 1.12942977
 1.14030414 1.15108434 1.16176949 1.17235872 1.18285116 1.19324594
 1.20354223 1.21373917 1.22383594 1.23383172 1.24372568 1.25351703
 1.26320496 1.27278869 1.28226745 1.29164045 1.30090695 1.31006619
 1.31911743 1.32805994 1.336893   1.34561591 1.35422795 1.36272844
 1.3711167  1.37939206 1.38735111]","[0.         0.01498817 0.0299751  0.04495955 0.05994029 0.07491607
 0.08988566 0.10484783 0.11980133 0.13474492 0.14967739 0.16459748
 0.17950397 0.19439562 0.20927121 0.2241295  0.23896927 0.25378929
 0.26858834 0.28336519 0.29811862 0.31284741 0.32755035 0.34222622
 0.3568738  0.3714919  0.38607929 0.40063477 0.41515714 0.42964521
 0.44409776 0.45851361 0.47289157 0.48723045 0.50152906 0.51578622
 0.53000076 0.5441715  0.55829726 0.57237688 0.5864092  0.60039305
 0.61432729 0.62821076 0.6420423  0.65582079 0.66954508 0.68321403
 0.69682652 0.71038142 0.72387762 0.73731398 0.75068942 0.76400281
 0.77725307 0.79043908 0.80355978 0.81661406 0.82960085 0.84251909
 0.85536769 0.86814561 0.88085177 0.89348514 0.90604467 0.91852932
 0.93093806 0.94326986 0.9555237  0.96769858 0.97979348 0.99180741
 1.00373937 1.01558838 1.02735346 1.03903363 1.05062793 1.0621354
 1.0735551  1.08488607 1.09612738 1.1072781  1.11833732 1.12930411
 1.14017757 1.1509568  1.16164091 1.17222902 1.18272025 1.19311373
 1.20340861 1.21360404 1.22369917 1.23369317 1.24358521 1.25337447
 1.26306016 1.27264145 1.28211758 1.29148774 1.30075117 1.30990709
 1.31895477 1.32789344 1.33672236 1.34544082 1.35404808 1.36254344
 1.37092619 1.37919564 1.38735111]",0.001114615814337418,-4.700480365792417,-6.799245494577241
115,"[0.         0.01433877 0.02867654 0.04301214 0.05734448 0.07167249
 0.08599507 0.10031115 0.11461963 0.12891944 0.1432095  0.15748872
 0.17175602 0.18601032 0.20025054 0.21447561 0.22868446 0.24287599
 0.25704915 0.27120286 0.28533604 0.29944763 0.31353656 0.32760177
 0.34164218 0.35565675 0.3696444  0.38360408 0.39753473 0.4114353
 0.42530474 0.439142   0.45294602 0.46671578 0.48045022 0.49414831
 0.507809   0.52143128 0.5350141  0.54855644 0.56205727 0.57551558
 0.58893035 0.60230055 0.61562519 0.62890325 0.64213373 0.65531563
 0.66844794 0.68152969 0.69455988 0.70753753 0.72046165 0.73333126
 0.74614541 0.7589031  0.7716034  0.78424532 0.79682792 0.80935025
 0.82181136 0.83421032 0.84654617 0.858818   0.87102487 0.88316587
 0.89524008 0.90724659 0.91918448 0.93105287 0.94285085 0.95457754
 0.96623205 0.9778135  0.98932102 1.00075374 1.0121108  1.02339135
 1.03459454 1.04571952 1.05676545 1.06773151 1.07861687 1.08942072
 1.10014223 1.1107806  1.12133504 1.13180476 1.14218896 1.15248687
 1.16269772 1.17282074 1.18285517 1.19280026 1.20265528 1.21241948
 1.22209213 1.23167251 1.24115992 1.25055363 1.25985295 1.26905719
 1.27816567 1.28717771 1.29609263 1.30490979 1.31362853 1.3222482
 1.33076817 1.33918781 1.3475065  1.35572363 1.3638386  1.37185081
 1.37975968 1.38735111]","[0.         0.01433653 0.02867197 0.04300524 0.05733526 0.07166095
 0.08598122 0.10029499 0.11460117 0.12889869 0.14318646 0.1574634
 0.17172844 0.18598049 0.20021848 0.21444133 0.22864797 0.24283732
 0.2570083  0.27115986 0.2852909  0.29940038 0.31348722 0.32755035
 0.34158872 0.35560126 0.3695869  0.38354461 0.39747331 0.41137196
 0.4252395  0.43907489 0.45287707 0.46664502 0.48037768 0.49407401
 0.50773299 0.52135358 0.53493474 0.54847545 0.5619747  0.57543145
 0.58884469 0.6022134  0.61553658 0.62881322 0.6420423  0.65522285
 0.66835384 0.6814343  0.69446324 0.70743966 0.72036259 0.73323105
 0.74604407 0.75880068 0.77149991 0.78414081 0.79672241 0.80924378
 0.82170395 0.83410198 0.84643695 0.85870792 0.87091396 0.88305414
 0.89512755 0.90713328 0.91907041 0.93093806 0.94273531 0.95446127
 0.96611507 0.97769581 0.98920263 1.00063464 1.011991   1.02327084
 1.0344733  1.04559754 1.05664272 1.06760801 1.07849256 1.08929557
 1.10001622 1.11065368 1.12120717 1.13167587 1.14205901 1.15235579
 1.16256544 1.17268718 1.18272025 1.19266388 1.20251734 1.21227987
 1.22195074 1.2315292  1.24101455 1.25040606 1.25970302 1.26890473
 1.2780105  1.28701963 1.29593144 1.30474526 1.31346042 1.32207627
 1.33059215 1.33900742 1.34732144 1.35553359 1.36364324 1.37164978
 1.3795526  1.38735111]",0.0011664158567963026,-4.74493212836325,-6.753819602155251
120,"[0.         0.01374133 0.02748179 0.04122033 0.05495601 0.06868787
 0.08241496 0.09613632 0.109851   0.12355804 0.1372565  0.15094542
 0.16462385 0.17829083 0.19194543 0.20558669 0.21921365 0.23282539
 0.24642094 0.25999937 0.27355973 0.28710108 0.30062247 0.31412297
 0.32760165 0.34105755 0.35448976 0.36789733 0.38127933 0.39463484
 0.40796292 0.42126266 0.43453311 0.44777338 0.46098252 0.47415963
 0.4873038  0.5004141  0.51348962 0.52652947 0.53953273 0.55249849
 0.56542587 0.57831396 0.59116186 0.60396869 0.61673356 0.62945557
 0.64213384 0.6547675  0.66735567 0.67989747 0.69239203 0.70483849
 0.71723598 0.72958364 0.74188061 0.75412604 0.76631908 0.77845889
 0.79054462 0.80257544 0.8145505  0.82646898 0.83833005 0.85013289
 0.86187669 0.87356062 0.88518387 0.89674565 0.90824515 0.91968157
 0.93105412 0.94236201 0.95360446 0.9647807  0.97588994 0.98693142
 0.99790437 1.00880804 1.01964168 1.03040452 1.04109583 1.05171487
 1.0622609  1.0727332  1.08313104 1.09345371 1.10370049 1.11387068
 1.12396358 1.13397848 1.1439147  1.15377156 1.16354837 1.17324447
 1.18285919 1.19239186 1.20184184 1.21120847 1.22049111 1.22968912
 1.23880188 1.24782876 1.25676915 1.26562242 1.27438799 1.28306525
 1.29165361 1.30015248 1.30856129 1.31687947 1.32510644 1.33324167
 1.34128459 1.34923466 1.35709134 1.36485412 1.37252245 1.38009584
 1.38735111]","[0.         0.01373918 0.02747742 0.04121374 0.0549472  0.06867684
 0.08240172 0.09612087 0.10983335 0.1235382  0.13723447 0.15092122
 0.16459748 0.17826231 0.19191476 0.20555388 0.21917873 0.23278836
 0.24638183 0.25995818 0.27351648 0.28705579 0.30057516 0.31407366
 0.32755035 0.34100429 0.35443456 0.3678402  0.38122031 0.39457394
 0.40790017 0.42119807 0.43446673 0.44770521 0.4609126  0.47408799
 0.48723045 0.50033908 0.51341296 0.52645119 0.53945286 0.55241706
 0.56534291 0.57822949 0.59107593 0.60388131 0.61664476 0.62936538
 0.6420423  0.65467464 0.66726151 0.67980204 0.69229537 0.70474062
 0.71713693 0.72948344 0.74177929 0.75402363 0.7662156  0.77835437
 0.79043908 0.80246891 0.814443   0.82636054 0.83822069 0.85002264
 0.86176555 0.87344862 0.88507104 0.89663199 0.90813067 0.91956629
 0.93093806 0.94224517 0.95348685 0.96466232 0.9757708  0.98681151
 0.9977837  1.0086866  1.01951945 1.0302815  1.040972   1.05159022
 1.0621354  1.07260683 1.08300378 1.09332551 1.10357132 1.11374049
 1.12383232 1.13384611 1.14378116 1.15363678 1.16341228 1.173107
 1.18272025 1.19225136 1.20169968 1.21106455 1.22034532 1.22954135
 1.23865198 1.24767661 1.25661458 1.2654653  1.27422813 1.28290248
 1.29148774 1.29998331 1.3083886  1.31670304 1.32492604 1.33305703
 1.34109544 1.34904073 1.35689233 1.36464971 1.37231232 1.37987963
 1.38735111]",0.0012203497624125464,-4.787491742782046,-6.7086177708227535
125,"[0.         0.0131917  0.02638263 0.03957187 0.05275857 0.0659419
 0.079121   0.09229503 0.10546315 0.11862452 0.13177829 0.14492362
 0.15805966 0.17118559 0.18430055 0.1974037  0.21049421 0.22357124
 0.23663396 0.24968151 0.26271308 0.27572781 0.28872489 0.30170348
 0.31466274 0.32760186 0.34051999 0.35341631 0.36629    0.37914022
 0.39196617 0.40476702 0.41754194 0.43029012 0.44301074 0.45570299
 0.46836606 0.48099914 0.49360141 0.50617207 0.51871032 0.53121535
 0.54368636 0.55612255 0.56852313 0.58088731 0.59321429 0.60550328
 0.6177535  0.62996417 0.64213449 0.6542637  0.66635102 0.67839566
 0.69039688 0.70235388 0.71426592 0.72613223 0.73795204 0.74972461
 0.76144918 0.773125   0.78475133 0.79632741 0.80785252 0.81932591
 0.83074685 0.84211461 0.85342847 0.8646877  0.87589158 0.8870394
 0.89813044 0.90916399 0.92013936 0.93105584 0.94191273 0.95270935
 0.96344499 0.97411899 0.98473065 0.99527929 1.00576426 1.01618487
 1.02654047 1.03683039 1.04705398 1.05721059 1.06729957 1.07732028
 1.08727208 1.09715434 1.10696643 1.11670773 1.12637761 1.13597547
 1.14550069 1.15495267 1.16433081 1.17363451 1.1828632  1.19201627
 1.20109316 1.21009328 1.21901608 1.22786098 1.23662742 1.24531487
 1.25392276 1.26245055 1.27089771 1.27926371 1.28754802 1.29575012
 1.3038695  1.31190565 1.31985807 1.32772625 1.33550972 1.34320797
 1.35082054 1.35834696 1.36578675 1.37313945 1.38040461 1.38735111]","[0.         0.01318963 0.02637841 0.03956551 0.05275008 0.06593127
 0.07910824 0.09228014 0.10544614 0.11860539 0.13175706 0.14490028
 0.15803424 0.17115808 0.18427097 0.19737206 0.21046052 0.22353552
 0.2365962  0.24964175 0.26267132 0.27568407 0.28867919 0.30165582
 0.31461315 0.32755035 0.34046658 0.35336103 0.36623286 0.37908125
 0.39190538 0.40470442 0.41747757 0.430224   0.44294289 0.45563344
 0.46829482 0.48092624 0.49352687 0.50609592 0.51863258 0.53113605
 0.54360552 0.55604021 0.5684393  0.58080202 0.59312757 0.60541516
 0.617664   0.62987331 0.6420423  0.65417021 0.66625625 0.67829965
 0.69029964 0.70225546 0.71416632 0.72603148 0.73785018 0.74962165
 0.76134515 0.77301992 0.78464522 0.7962203  0.80774442 0.81921685
 0.83063685 0.84200369 0.85331664 0.86457498 0.87577798 0.88692494
 0.89801513 0.90904785 0.9200224  0.93093806 0.94179414 0.95258994
 0.96332479 0.97399797 0.98460883 0.99515667 1.00564081 1.0160606
 1.02641536 1.03670443 1.04692716 1.05708287 1.06717094 1.07719071
 1.08714153 1.09702278 1.10683383 1.11657403 1.12624278 1.13583944
 1.14536341 1.15481408 1.16419084 1.1734931  1.18272025 1.1918717
 1.20094688 1.2099452  1.21886608 1.22770895 1.23647325 1.24515842
 1.2537639  1.26228913 1.27073358 1.27909671 1.28737797 1.29557684
 1.3036928  1.31172531 1.31967388 1.32753799 1.33531714 1.34301083
 1.35061856 1.35813986 1.36557424 1.37292122 1.38018033 1.38735111]",0.001275977293161,-4.8283137373023015,-6.664042889546248
130,"[0.         0.01268436 0.02536803 0.0380502  0.05073012 0.06340703
 0.07608019 0.08874884 0.10141224 0.11406963 0.12672027 0.13936341
 0.15199829 0.16462417 0.1772403  0.18984594 0.20244033 0.21502274
 0.22759241 0.24014861 0.25269059 0.26521761 0.27772892 0.29022378
 0.30270146 0.31516122 0.32760231 0.34002401 0.35242557 0.36480626
 0.37716536 0.38950212 0.40181582 0.41410572 0.42637111 0.43861125
 0.45082542 0.4630129  0.47517296 0.48730489 0.49940797 0.51148148
 0.52352471 0.53553694 0.54751746 0.55946557 0.57138055 0.58326171
 0.59510833 0.60691972 0.61869519 0.63043402 0.64213553 0.65379903
 0.66542383 0.67700923 0.68855456 0.70005912 0.71152225 0.72294325
 0.73432146 0.74565621 0.75694682 0.76819263 0.77939296 0.79054717
 0.80165458 0.81271455 0.82372642 0.83468953 0.84560325 0.85646692
 0.86727991 0.87804157 0.88875128 0.89940839 0.91001228 0.92056232
 0.9310579  0.94149838 0.95188316 0.96221162 0.97248315 0.98269715
 0.99285301 1.00295014 1.01298794 1.02296582 1.0328832  1.04273948
 1.05253408 1.06226644 1.07193597 1.08154211 1.0910843  1.10056197
 1.10997457 1.11932153 1.12860233 1.1378164  1.1469632  1.15604221
 1.16505289 1.17399472 1.18286715 1.19166969 1.20040181 1.209063
 1.21765276 1.22617058 1.23461597 1.24298843 1.25128748 1.25951263
 1.26766341 1.27573934 1.28373995 1.29166478 1.29951336 1.30728525
 1.31497999 1.32259714 1.33013626 1.33759691 1.34497867 1.35228111
 1.3595038  1.36664635 1.37370833 1.38068934 1.38735111]","[0.         0.01268235 0.02536394 0.03804404 0.05072188 0.06339672
 0.07606781 0.08873441 0.10139574 0.11405108 0.12669968 0.13934077
 0.15197362 0.16459748 0.1772116  0.18981523 0.20240763 0.21498805
 0.22755575 0.24010999 0.25265002 0.2651751  0.27768449 0.29017745
 0.30265324 0.31511112 0.32755035 0.3399702  0.35236994 0.36474883
 0.37710613 0.38944112 0.40175307 0.41404124 0.42630491 0.43854336
 0.45075586 0.46294169 0.47510013 0.48723045 0.49933194 0.51140389
 0.52344558 0.53545629 0.54743532 0.55938196 0.5712955  0.58317523
 0.59502046 0.60683048 0.61860459 0.63034209 0.6420423  0.65370452
 0.66532806 0.67691223 0.68845635 0.69995973 0.71142169 0.72284156
 0.73421865 0.7455523  0.75684184 0.76808659 0.77928589 0.79043908
 0.8015455  0.8126045  0.8236154  0.83457758 0.84549037 0.85635313
 0.86716522 0.877926   0.88863484 0.89929109 0.90989412 0.92044332
 0.93093806 0.94137771 0.95176165 0.96208928 0.97235999 0.98257315
 0.99272818 1.00282446 1.01286141 1.02283842 1.03275491 1.0426103
 1.05240399 1.0621354  1.07180397 1.08140912 1.09095028 1.10042689
 1.10983839 1.11918421 1.12846381 1.13767664 1.14682215 1.1558998
 1.16490905 1.17384938 1.18272025 1.19152113 1.20025151 1.20891087
 1.2174987  1.22601448 1.23445772 1.24282792 1.25112458 1.2593472
 1.26749531 1.27556842 1.28356606 1.29148774 1.299333   1.30710138
 1.31479242 1.32240566 1.32994065 1.33739694 1.34477411 1.35207169
 1.35928928 1.36642643 1.37348273 1.38045776 1.38735111]",0.0013328223205548821,-4.867534450455582,-6.62045653957692
135,"[0.         0.01221461 0.0244286  0.03664125 0.04885189 0.06105984
 0.07326444 0.08546502 0.09766091 0.10985144 0.12203593 0.13421372
 0.14638414 0.15854652 0.1707002  0.1828445  0.19497877 0.20710233
 0.21921451 0.23131466 0.24340211 0.25547619 0.26753625 0.27958161
 0.29161163 0.30362563 0.31562296 0.32760296 0.33956497 0.35150834
 0.3634324  0.37533651 0.38722002 0.39908226 0.41092259 0.42274036
 0.43453492 0.44630562 0.45805182 0.46977286 0.48146812 0.49313694
 0.50477869 0.51639272 0.5279784  0.5395351  0.55106217 0.56255899
 0.57402493 0.58545935 0.59686164 0.60823115 0.61956728 0.63086939
 0.64213688 0.65336911 0.66456547 0.67572536 0.68684815 0.69793324
 0.70898002 0.71998788 0.73095623 0.74188445 0.75277195 0.76361813
 0.7744224  0.78518417 0.79590284 0.80657784 0.81720856 0.82779444
 0.83833488 0.84882932 0.85927718 0.86967789 0.88003087 0.89033556
 0.9005914  0.91079782 0.92095427 0.93106019 0.94111502 0.95111822
 0.96106924 0.97096753 0.98081256 0.99060378 1.00034067 1.01002268
 1.01964929 1.02921997 1.0387342  1.04819147 1.05759125 1.06693303
 1.0762163  1.08544056 1.0946053  1.10371002 1.11275423 1.12173743
 1.13065914 1.13951887 1.14831613 1.15705046 1.16572136 1.17432838
 1.18287105 1.1913489  1.19976147 1.2081083  1.21638895 1.22460296
 1.23274989 1.2408293  1.24884075 1.25678382 1.26465806 1.27246306
 1.2801984  1.28786366 1.29545842 1.30298228 1.31043484 1.31781569
 1.32512444 1.3323607  1.33952409 1.34661421 1.35363069 1.36057317
 1.36744126 1.3742346  1.38095284 1.38735111]","[0.         0.01221264 0.02442461 0.03663524 0.04884385 0.06104979
 0.07325238 0.08545095 0.09764483 0.10983335 0.12201585 0.13419165
 0.14636009 0.15852049 0.1706722  0.18281455 0.19494686 0.20706848
 0.21917873 0.23127696 0.2433625  0.25543469 0.26749286 0.27953635
 0.29156451 0.30357667 0.31557217 0.32755035 0.33951056 0.35145215
 0.36337445 0.37527681 0.38715858 0.39901911 0.41085774 0.42267383
 0.43446673 0.44623579 0.45798036 0.46969981 0.48139348 0.49306074
 0.50470094 0.51631346 0.52789764 0.53945286 0.55097847 0.56247386
 0.57393838 0.58537141 0.59677233 0.6081405  0.6194753  0.6307761
 0.6420423  0.65327327 0.6644684  0.67562707 0.68674866 0.69783258
 0.7088782  0.71988493 0.73085216 0.74177929 0.75266571 0.76351084
 0.77431408 0.78507483 0.7957925  0.80646651 0.81709626 0.82768119
 0.83822069 0.84871421 0.85916116 0.86956097 0.87991306 0.89021687
 0.90047184 0.9106774  0.92083299 0.93093806 0.94099204 0.9509944
 0.96094457 0.97084202 0.98068619 0.99047656 1.00021258 1.00989372
 1.01951945 1.02908923 1.03860256 1.04805889 1.05745772 1.06679852
 1.07608079 1.08530402 1.0944677  1.10357132 1.11261439 1.12159641
 1.1305169  1.13937535 1.14817128 1.15690421 1.16557367 1.17417917
 1.18272025 1.19119643 1.19960724 1.20795224 1.21623096 1.22444294
 1.23258774 1.24066491 1.248674   1.25661458 1.26448621 1.27228846
 1.2800209  1.2876831  1.29527465 1.30279513 1.31024413 1.31762123
 1.32492604 1.33215815 1.33931716 1.34640268 1.35341433 1.36035172
 1.36721447 1.3740022  1.38071453 1.38735111]",0.0013906437761312322,-4.90527477843843,-6.577988490763754
140,"[0.         0.01177841 0.02355627 0.03533292 0.04710778 0.05888022
 0.07064966 0.0824155  0.09417712 0.10593394 0.11768534 0.12943074
 0.14116953 0.15290112 0.16462489 0.17634026 0.18804663 0.19974339
 0.21142996 0.22310573 0.23477011 0.2464225  0.25806232 0.26968895
 0.28130182 0.29290032 0.30448387 0.31605188 0.32760375 0.33913889
 0.35065671 0.36215664 0.37363807 0.38510043 0.39654313 0.40796558
 0.4193672  0.43074742 0.44210564 0.45344129 0.4647538  0.47604257
 0.48730705 0.49854664 0.50976079 0.52094891 0.53211044 0.5432448
 0.55435143 0.56542976 0.57647923 0.58749927 0.59848933 0.60944883
 0.62037722 0.63127394 0.64213844 0.65297016 0.66376856 0.67453307
 0.68526315 0.69595826 0.70661785 0.71724137 0.72782828 0.73837804
 0.74889012 0.75936398 0.76979909 0.78019491 0.79055091 0.80086657
 0.81114136 0.82137475 0.83156623 0.84171528 0.85182138 0.86188401
 0.87190266 0.88187683 0.891806   0.90168967 0.91152733 0.92131849
 0.93106264 0.9407593  0.95040796 0.96000814 0.96955935 0.9790611
 0.98851291 0.9979143  1.0072648  1.01656391 1.02581119 1.03500614
 1.04414832 1.05323725 1.06227247 1.07125352 1.08017995 1.08905131
 1.09786715 1.10662701 1.11533046 1.12397705 1.13256635 1.14109792
 1.14957133 1.15798616 1.16634197 1.17463835 1.18287487 1.19105112
 1.19916669 1.20722117 1.21521415 1.22314523 1.23101401 1.2388201
 1.2465631  1.25424262 1.26185828 1.2694097  1.27689649 1.28431829
 1.29167472 1.29896541 1.30619    1.31334813 1.32043945 1.32746359
 1.33442022 1.34130897 1.34812952 1.35488153 1.36156466 1.36817857
 1.37472295 1.38119747 1.38735111]","[0.         0.01177648 0.02355236 0.03532704 0.04709991 0.05887039
 0.07063785 0.08240172 0.09416138 0.10591624 0.11766569 0.12940914
 0.14114599 0.15287563 0.16459748 0.17631093 0.18801538 0.19971024
 0.21139491 0.22306879 0.2347313  0.24638183 0.25801979 0.26964458
 0.28125562 0.2928523  0.30443405 0.31600026 0.32755035 0.33908373
 0.35059981 0.362098   0.37357772 0.38503837 0.39647939 0.40790017
 0.41930014 0.43067872 0.44203533 0.45336938 0.46468031 0.47596752
 0.48723045 0.49846852 0.50968116 0.5208678  0.53202786 0.54316078
 0.55426598 0.56534291 0.57639099 0.58740967 0.59839837 0.60935655
 0.62028363 0.63117907 0.6420423  0.65287278 0.66366995 0.67443326
 0.68516216 0.6958561  0.70651454 0.71713693 0.72772273 0.73827141
 0.74878241 0.75925522 0.76968929 0.78008409 0.79043908 0.80075375
 0.81102757 0.82126    0.83145054 0.84159865 0.85170383 0.86176555
 0.87178331 0.88175658 0.89168487 0.90156767 0.91140446 0.92119476
 0.93093806 0.94063386 0.95028167 0.95988099 0.96943134 0.97893223
 0.98838318 0.9977837  1.00713331 1.01643154 1.02567791 1.03487195
 1.04401319 1.05310116 1.0621354  1.07111546 1.08004086 1.08891116
 1.09772591 1.10648465 1.11518693 1.12383232 1.13242037 1.14095065
 1.14942271 1.15783613 1.16619047 1.17448532 1.18272025 1.19089483
 1.19900865 1.2070613  1.21505236 1.22298143 1.23084811 1.23865198
 1.24639266 1.25406975 1.26168286 1.2692316  1.27671557 1.28413441
 1.29148774 1.29877517 1.30599634 1.31315087 1.32023841 1.32725859
 1.33421105 1.34109544 1.34791141 1.35465861 1.36133669 1.36794532
 1.37448415 1.38095286 1.38735111]",0.0014491846432562402,-4.941642422609304,-6.53675419570372
145,"[0.         0.0113723  0.0227441  0.03411482 0.04548392 0.05685085
 0.06821508 0.07957606 0.09093325 0.10228611 0.11363411 0.12497669
 0.13631333 0.14764348 0.1589666  0.17028215 0.1815896  0.19288841
 0.20417803 0.21545794 0.22672759 0.23798645 0.24923398 0.26046965
 0.27169293 0.28290327 0.29410014 0.30528302 0.31645137 0.32760465
 0.33874235 0.34986392 0.36096884 0.37205658 0.38312661 0.3941784
 0.40521144 0.41622519 0.42721913 0.43819274 0.44914549 0.46007687
 0.47098635 0.48187342 0.49273755 0.50357824 0.51439495 0.52518719
 0.53595444 0.54669618 0.5574119  0.56810109 0.57876326 0.58939788
 0.60000445 0.61058247 0.62113143 0.63165084 0.64214019 0.65259898
 0.66302673 0.67342292 0.68378707 0.69411869 0.70441727 0.71468234
 0.72491341 0.73510999 0.74527159 0.75539773 0.76548793 0.77554172
 0.78555861 0.79553812 0.80547979 0.81538315 0.82524771 0.83507301
 0.84485859 0.85460399 0.86430873 0.87397236 0.88359441 0.89317445
 0.90271199 0.91220661 0.92165784 0.93106523 0.94042835 0.94974674
 0.95901997 0.96824759 0.97742917 0.98656428 0.99565247 1.00469332
 1.0136864  1.02263129 1.03152756 1.04037479 1.04917256 1.05792045
 1.06661806 1.07526497 1.08386077 1.09240505 1.10089742 1.10933746
 1.11772479 1.12605901 1.13433971 1.14256652 1.15073905 1.1588569
 1.1669197  1.17492707 1.18287862 1.190774   1.19861281 1.20639471
 1.21411931 1.22178626 1.2293952  1.23694578 1.24443763 1.2518704
 1.25924376 1.26655735 1.27381083 1.28100387 1.28813612 1.29520726
 1.30221696 1.30916488 1.31605072 1.32287414 1.32963483 1.33633248
 1.34296678 1.34953742 1.3560441  1.36248651 1.36886437 1.37517737
 1.38142523 1.38735111]","[0.         0.0113704  0.02274026 0.03410904 0.0454762  0.05684119
 0.06820348 0.07956253 0.09091779 0.10226873 0.1136148  0.12495547
 0.1362902  0.14761844 0.15893967 0.17025333 0.1815589  0.19285583
 0.20414359 0.21542164 0.22668944 0.23794646 0.24919216 0.26042602
 0.27164748 0.28285603 0.29405112 0.30523222 0.31639881 0.32755035
 0.33868631 0.34980616 0.36090938 0.37199543 0.38306378 0.39411392
 0.40514531 0.41615743 0.42714976 0.43812178 0.44907295 0.46000277
 0.4709107  0.48179624 0.49265887 0.50349806 0.5143133  0.52510408
 0.53586989 0.54661021 0.55732453 0.56801235 0.57867315 0.58930642
 0.59991167 0.61048838 0.62103606 0.6315542  0.6420423  0.65249987
 0.6629264  0.6733214  0.68368437 0.69401483 0.70431228 0.71457623
 0.7248062  0.73500169 0.74516222 0.75528731 0.76537647 0.77542924
 0.78544512 0.79542365 0.80536434 0.81526673 0.82513034 0.83495471
 0.84473936 0.85448384 0.86418768 0.87385041 0.88347158 0.89305073
 0.90258741 0.91208115 0.92153152 0.93093806 0.94030031 0.94961785
 0.95889022 0.96811698 0.9772977  0.98643193 0.99551925 1.00455922
 1.01355141 1.02249539 1.03139074 1.04023704 1.04903386 1.05778078
 1.0664774  1.07512329 1.08371804 1.09226125 1.10075251 1.10919142
 1.11757757 1.12591057 1.13419001 1.14241551 1.15058668 1.15870312
 1.16676445 1.17477028 1.18272025 1.19061395 1.19845103 1.20623111
 1.21395382 1.22161879 1.22922566 1.23677406 1.24426364 1.25169404
 1.2590649  1.26637588 1.27362663 1.28081681 1.28794606 1.29501406
 1.30202046 1.30896494 1.31584716 1.32266679 1.32942352 1.33611701
 1.34274696 1.34931304 1.35581494 1.36225236 1.36862499 1.37493253
 1.38117466 1.38735111]",0.0015084227680298961,-4.976733742420574,-6.496690698534683
